handle,position,file,source
advent-calendar-31-nights,1,advent-calendar-31-nights.jpg,og_info (first hop)
advent-calendar-31-nights,2,advent-calendar-31-nights-2.jpg,https://p16-oec-general-useast5.ttcdn-us.com/tos-useast5-i-omjb5zjo8w-tx/af2acbd00ae94953a8cfce3406bd5a56~tplv-fhlh96nyum-crop-webp:1254:1254.webp?dr=12190&t=555f072d&ps=933b5bde&shp=8dbd94bf&shcp=607f11de&idc=useast5&from=2378011839
advent-calendar-31-nights,3,advent-calendar-31-nights-3.jpg,https://p19-oec-general-useast5.ttcdn-us.com/tos-useast5-i-omjb5zjo8w-tx/f14c317aefbd4d808052bc62d54062c7~tplv-fhlh96nyum-crop-webp:1254:1254.webp?dr=12190&t=555f072d&ps=933b5bde&shp=8dbd94bf&shcp=607f11de&idc=useast5&from=2378011839
advent-calendar-31-nights,4,advent-calendar-31-nights-4.jpg,https://p16-oec-general-useast5.ttcdn-us.com/tos-useast5-i-omjb5zjo8w-tx/1b2ac4da19b84ceb8d17530f91a93fc6~tplv-fhlh96nyum-crop-webp:1254:1254.webp?dr=12190&t=555f072d&ps=933b5bde&shp=8dbd94bf&shcp=607f11de&idc=useast5&from=2378011839
advent-calendar-31-nights,5,advent-calendar-31-nights-5.jpg,https://p16-oec-general-useast5.ttcdn-us.com/tos-useast5-i-omjb5zjo8w-tx/62f477e9b9894f12a54815717d8d1915~tplv-fhlh96nyum-crop-webp:800:800.webp?dr=12190&t=555f072d&ps=933b5bde&shp=8dbd94bf&shcp=607f11de&idc=useast5&from=2378011839
advent-calendar-31-nights,6,advent-calendar-31-nights-6.jpg,https://p16-oec-general-useast5.ttcdn-us.com/tos-useast5-i-omjb5zjo8w-tx/e0b9d958fab6420ca78cd018116aec36~tplv-fhlh96nyum-crop-webp:800:800.webp?dr=12190&t=555f072d&ps=933b5bde&shp=8dbd94bf&shcp=607f11de&idc=useast5&from=2378011839
advent-calendar-31-nights,7,advent-calendar-31-nights-7.jpg,https://p16-oec-general-useast5.ttcdn-us.com/tos-useast5-i-omjb5zjo8w-tx/9436b932dc66476cb4a1da58792438df~tplv-fhlh96nyum-crop-webp:800:800.webp?dr=12190&t=555f072d&ps=933b5bde&shp=8dbd94bf&shcp=607f11de&idc=useast5&from=2378011839
advent-calendar-31-nights,8,advent-calendar-31-nights-8.jpg,https://p16-oec-general-useast5.ttcdn-us.com/tos-useast5-i-omjb5zjo8w-tx/c12da13566ff47de9e8255de5d06393e~tplv-fhlh96nyum-crop-webp:800:800.webp?dr=12190&t=555f072d&ps=933b5bde&shp=8dbd94bf&shcp=607f11de&idc=useast5&from=2378011839
bat-decals-lightup,1,bat-decals-lightup.jpg,og_info (first hop)
bat-decals-lightup,2,bat-decals-lightup-2.jpg,https://p19-oec-general-useast5.ttcdn-us.com/tos-useast5-i-omjb5zjo8w-tx/245bab2aa5914eec984a7155dd0e7e0e~tplv-fhlh96nyum-crop-webp:800:800.webp?dr=12190&t=555f072d&ps=933b5bde&shp=8dbd94bf&shcp=607f11de&idc=useast5&from=2378011839
bat-decals-lightup,3,bat-decals-lightup-3.jpg,https://p16-oec-general-useast5.ttcdn-us.com/tos-useast5-i-omjb5zjo8w-tx/70fd9b6c5a0043c1a260398c29eaf553~tplv-fhlh96nyum-crop-webp:800:800.webp?dr=12190&t=555f072d&ps=933b5bde&shp=8dbd94bf&shcp=607f11de&idc=useast5&from=2378011839
bat-decals-lightup,4,bat-decals-lightup-4.jpg,https://p19-oec-general-useast5.ttcdn-us.com/tos-useast5-i-omjb5zjo8w-tx/07779be978be416abdd09a277b1399b2~tplv-fhlh96nyum-crop-webp:1050:1059.webp?dr=12190&t=555f072d&ps=933b5bde&shp=8dbd94bf&shcp=607f11de&idc=useast5&from=2378011839
bat-decals-lightup,5,bat-decals-lightup-5.jpg,https://p16-oec-general-useast5.ttcdn-us.com/tos-useast5-i-omjb5zjo8w-tx/1ce8fa6ff6d74b6b9c841e8ac3b869c2~tplv-fhlh96nyum-crop-webp:638:638.webp?dr=12190&t=555f072d&ps=933b5bde&shp=8dbd94bf&shcp=607f11de&idc=useast5&from=2378011839
bat-decals-lightup,6,bat-decals-lightup-6.jpg,https://p16-oec-general-useast5.ttcdn-us.com/tos-useast5-i-omjb5zjo8w-tx/6304a7f0c73246a291955cc492faff97~tplv-fhlh96nyum-crop-webp:800:800.webp?dr=12190&t=555f072d&ps=933b5bde&shp=8dbd94bf&shcp=607f11de&idc=useast5&from=2378011839
bat-decals-lightup,7,bat-decals-lightup-7.jpg,https://p16-oec-general-useast5.ttcdn-us.com/tos-useast5-i-omjb5zjo8w-tx/ba38e0ad0e12473e803bffd2624c05b6~tplv-fhlh96nyum-crop-webp:800:800.webp?dr=12190&t=555f072d&ps=933b5bde&shp=8dbd94bf&shcp=607f11de&idc=useast5&from=2378011839
bat-decals-lightup,8,bat-decals-lightup-8.jpg,https://p16-oec-general-useast5.ttcdn-us.com/tos-useast5-i-omjb5zjo8w-tx/401d7b3d413c47f88c85af7d918feff7~tplv-fhlh96nyum-crop-webp:800:800.webp?dr=12190&t=555f072d&ps=933b5bde&shp=8dbd94bf&shcp=607f11de&idc=useast5&from=2378011839
bat-wall-stickers-160,1,bat-wall-stickers-160.jpg,
bathroom-set-vintage,1,bathroom-set-vintage.jpg,og_info (first hop)
bathroom-set-vintage,2,bathroom-set-vintage-2.jpg,https://p16-oec-general-useast5.ttcdn-us.com/tos-useast5-i-omjb5zjo8w-tx/4fe31bf0da754d3c8daa671ca7b49e68~tplv-fhlh96nyum-crop-webp:1600:1600.webp?dr=12190&t=555f072d&ps=933b5bde&shp=8dbd94bf&shcp=607f11de&idc=useast5&from=2378011839
bathroom-set-vintage,3,bathroom-set-vintage-3.jpg,https://p16-oec-general-useast5.ttcdn-us.com/tos-useast5-i-omjb5zjo8w-tx/1535c150961c4d23bad018b8a4b0d223~tplv-fhlh96nyum-crop-webp:1600:1600.webp?dr=12190&t=555f072d&ps=933b5bde&shp=8dbd94bf&shcp=607f11de&idc=useast5&from=2378011839
bathroom-set-vintage,4,bathroom-set-vintage-4.jpg,https://p19-oec-general-useast5.ttcdn-us.com/tos-useast5-i-omjb5zjo8w-tx/c4a58753cd5b4a01a67d35719e8e2ee5~tplv-fhlh96nyum-crop-webp:1600:1600.webp?dr=12190&t=555f072d&ps=933b5bde&shp=8dbd94bf&shcp=607f11de&idc=useast5&from=2378011839
bathroom-set-vintage,5,bathroom-set-vintage-5.jpg,https://p16-oec-general-useast5.ttcdn-us.com/tos-useast5-i-omjb5zjo8w-tx/9c082b703afa47e88ad83b0a0030bb0b~tplv-fhlh96nyum-crop-webp:1600:1600.webp?dr=12190&t=555f072d&ps=933b5bde&shp=8dbd94bf&shcp=607f11de&idc=useast5&from=2378011839
bathroom-set-vintage,6,bathroom-set-vintage-6.jpg,https://p16-oec-general-useast5.ttcdn-us.com/tos-useast5-i-omjb5zjo8w-tx/a3aa8a140ec94864bdd232b8333cae67~tplv-fhlh96nyum-crop-webp:1600:1600.webp?dr=12190&t=555f072d&ps=933b5bde&shp=8dbd94bf&shcp=607f11de&idc=useast5&from=2378011839
bathroom-set-vintage,7,bathroom-set-vintage-7.jpg,https://p16-oec-general-useast5.ttcdn-us.com/tos-useast5-i-omjb5zjo8w-tx/f20795162d6848ecaed9a9f26b93b736~tplv-fhlh96nyum-crop-webp:1600:1600.webp?dr=12190&t=555f072d&ps=933b5bde&shp=8dbd94bf&shcp=607f11de&idc=useast5&from=2378011839
bathroom-set-vintage,8,bathroom-set-vintage-8.jpg,https://p16-oec-general-useast5.ttcdn-us.com/tos-useast5-i-omjb5zjo8w-tx/5ac2e752e3714cddb6c8edbb05265b79~tplv-fhlh96nyum-crop-webp:1600:1600.webp?dr=12190&t=555f072d&ps=933b5bde&shp=8dbd94bf&shcp=607f11de&idc=useast5&from=2378011839
boo-kitchen-rug-set,1,boo-kitchen-rug-set.jpg,og_info (first hop)
boo-kitchen-rug-set,2,boo-kitchen-rug-set-2.jpg,https://p16-oec-general-useast5.ttcdn-us.com/tos-useast5-i-omjb5zjo8w-tx/fe8a811ac8814d0d969615fe5e2151ad~tplv-fhlh96nyum-crop-webp:1000:1000.webp?dr=12190&t=555f072d&ps=933b5bde&shp=8dbd94bf&shcp=607f11de&idc=useast5&from=2378011839
boo-kitchen-rug-set,3,boo-kitchen-rug-set-3.jpg,https://p16-oec-general-useast5.ttcdn-us.com/tos-useast5-i-omjb5zjo8w-tx/920a77cd39dd418c86a42b129dfab5a6~tplv-fhlh96nyum-crop-webp:1000:1000.webp?dr=12190&t=555f072d&ps=933b5bde&shp=8dbd94bf&shcp=607f11de&idc=useast5&from=2378011839
boo-kitchen-rug-set,4,boo-kitchen-rug-set-4.jpg,https://p16-oec-general-useast5.ttcdn-us.com/tos-useast5-i-omjb5zjo8w-tx/df10ac9b797840bfaafaa973a56c5267~tplv-fhlh96nyum-crop-webp:1000:1000.webp?dr=12190&t=555f072d&ps=933b5bde&shp=8dbd94bf&shcp=607f11de&idc=useast5&from=2378011839
boo-kitchen-rug-set,5,boo-kitchen-rug-set-5.jpg,https://p16-oec-general.ttcdn-us.com/tos-maliva-i-o3syd03w52-us/babd57a58c56432b9083e8e6c75db93c~tplv-fhlh96nyum-crop-webp:1000:1000.webp?dr=12190&t=555f072d&ps=933b5bde&shp=8dbd94bf&shcp=607f11de&idc=useast5&from=2378011839
boo-kitchen-rug-set,6,boo-kitchen-rug-set-6.jpg,https://p16-oec-general.ttcdn-us.com/tos-maliva-i-o3syd03w52-us/51f3c7369d6848baa770ab48c32b7ad4~tplv-fhlh96nyum-crop-webp:800:800.webp?dr=12190&t=555f072d&ps=933b5bde&shp=8dbd94bf&shcp=607f11de&idc=useast5&from=2378011839
boo-kitchen-rug-set,7,boo-kitchen-rug-set-7.jpg,https://p16-oec-general.ttcdn-us.com/tos-maliva-i-o3syd03w52-us/377358f79dcd4346b7cfa45722719001~tplv-fhlh96nyum-crop-webp:1000:1000.webp?dr=12190&t=555f072d&ps=933b5bde&shp=8dbd94bf&shcp=607f11de&idc=useast5&from=2378011839
boo-kitchen-rug-set,8,boo-kitchen-rug-set-8.jpg,https://p16-oec-general.ttcdn-us.com/tos-maliva-i-o3syd03w52-us/34f076da29624925bf2bdfde32859092~tplv-fhlh96nyum-crop-webp:1000:1000.webp?dr=12190&t=555f072d&ps=933b5bde&shp=8dbd94bf&shcp=607f11de&idc=useast5&from=2378011839
cauldron-fog-potion,1,cauldron-fog-potion.jpg,og_info (first hop)
cauldron-fog-potion,2,cauldron-fog-potion-2.jpg,https://p16-oec-general-useast5.ttcdn-us.com/tos-useast5-i-omjb5zjo8w-tx/2e91e32049e24ba79f391efb5d815e44~tplv-fhlh96nyum-crop-webp:1600:1600.webp?dr=12190&t=555f072d&ps=933b5bde&shp=8dbd94bf&shcp=607f11de&idc=useast5&from=2378011839
cauldron-fog-potion,3,cauldron-fog-potion-3.jpg,https://p16-oec-general-useast5.ttcdn-us.com/tos-useast5-i-omjb5zjo8w-tx/9a844342bd374f49800f9ed07d32bc2e~tplv-fhlh96nyum-crop-webp:1600:1600.webp?dr=12190&t=555f072d&ps=933b5bde&shp=8dbd94bf&shcp=607f11de&idc=useast5&from=2378011839
cauldron-fog-potion,4,cauldron-fog-potion-4.jpg,https://p16-oec-general-useast5.ttcdn-us.com/tos-useast5-i-omjb5zjo8w-tx/52ec563108c344db9fe139931cd6e824~tplv-fhlh96nyum-crop-webp:1600:1600.webp?dr=12190&t=555f072d&ps=933b5bde&shp=8dbd94bf&shcp=607f11de&idc=useast5&from=2378011839
cauldron-fog-potion,5,cauldron-fog-potion-5.jpg,https://p16-oec-general-useast5.ttcdn-us.com/tos-useast5-i-omjb5zjo8w-tx/42f004a3ae5a40df90333db04ebea5e4~tplv-fhlh96nyum-crop-webp:1600:1600.webp?dr=12190&t=555f072d&ps=933b5bde&shp=8dbd94bf&shcp=607f11de&idc=useast5&from=2378011839
cauldron-fog-potion,6,cauldron-fog-potion-6.jpg,https://p16-oec-general-useast5.ttcdn-us.com/tos-useast5-i-omjb5zjo8w-tx/4cafc442f6c942d7af802bf90ee035d4~tplv-fhlh96nyum-crop-webp:1600:1600.webp?dr=12190&t=555f072d&ps=933b5bde&shp=8dbd94bf&shcp=607f11de&idc=useast5&from=2378011839
cauldron-fog-potion,7,cauldron-fog-potion-7.jpg,https://p16-oec-general-useast5.ttcdn-us.com/tos-useast5-i-omjb5zjo8w-tx/8e1f26adcd1644d99cf62501df8a9731~tplv-fhlh96nyum-crop-webp:1600:1600.webp?dr=12190&t=555f072d&ps=933b5bde&shp=8dbd94bf&shcp=607f11de&idc=useast5&from=2378011839
cauldron-fog-potion,8,cauldron-fog-potion-8.jpg,https://p16-oec-general-useast5.ttcdn-us.com/tos-useast5-i-omjb5zjo8w-tx/d70cd35716b6491ba223663a8175bbe3~tplv-fhlh96nyum-crop-webp:1080:1080.webp?dr=12190&t=555f072d&ps=933b5bde&shp=8dbd94bf&shcp=607f11de&idc=useast5&from=2378011839
dragon-book-corner-light,1,dragon-book-corner-light.jpg,og_info (first hop)
dragon-book-corner-light,2,dragon-book-corner-light-2.jpg,https://p16-oec-general-useast5.ttcdn-us.com/tos-useast5-i-omjb5zjo8w-tx/69cf209f7e3d4dc3bd37f89af2c30889~tplv-fhlh96nyum-crop-webp:800:800.webp?dr=12190&t=555f072d&ps=933b5bde&shp=8dbd94bf&shcp=607f11de&idc=useast5&from=2378011839
dragon-book-corner-light,3,dragon-book-corner-light-3.jpg,https://p16-oec-general-useast5.ttcdn-us.com/tos-useast5-i-omjb5zjo8w-tx/478cab346dc04405950603fd765048b0~tplv-fhlh96nyum-crop-webp:2048:2048.webp?dr=12190&t=555f072d&ps=933b5bde&shp=8dbd94bf&shcp=607f11de&idc=useast5&from=2378011839
dragon-book-corner-light,4,dragon-book-corner-light-4.jpg,https://p16-oec-general-useast5.ttcdn-us.com/tos-useast5-i-omjb5zjo8w-tx/f8509c4081154d2994c840e3bbbecd84~tplv-fhlh96nyum-crop-webp:2048:2048.webp?dr=12190&t=555f072d&ps=933b5bde&shp=8dbd94bf&shcp=607f11de&idc=useast5&from=2378011839
dragon-book-corner-light,5,dragon-book-corner-light-5.jpg,https://p16-oec-general-useast5.ttcdn-us.com/tos-useast5-i-omjb5zjo8w-tx/b2dc50639f8443248eca3ff0a2b1f090~tplv-fhlh96nyum-crop-webp:2048:2048.webp?dr=12190&t=555f072d&ps=933b5bde&shp=8dbd94bf&shcp=607f11de&idc=useast5&from=2378011839
dragon-book-corner-light,6,dragon-book-corner-light-6.jpg,https://p16-oec-general-useast5.ttcdn-us.com/tos-useast5-i-omjb5zjo8w-tx/2f4064a82393464c91f6ea6f6b084340~tplv-fhlh96nyum-crop-webp:2048:2048.webp?dr=12190&t=555f072d&ps=933b5bde&shp=8dbd94bf&shcp=607f11de&idc=useast5&from=2378011839
dragon-book-corner-light,7,dragon-book-corner-light-7.jpg,https://p16-oec-general-useast5.ttcdn-us.com/tos-useast5-i-omjb5zjo8w-tx/46fec9cd21fb421f85f5b1973d095a40~tplv-fhlh96nyum-crop-webp:2048:2048.webp?dr=12190&t=555f072d&ps=933b5bde&shp=8dbd94bf&shcp=607f11de&idc=useast5&from=2378011839
dragon-book-corner-light,8,dragon-book-corner-light-8.jpg,https://p16-oec-general-useast5.ttcdn-us.com/tos-useast5-i-omjb5zjo8w-tx/bb6eaceeaef24f128d15d4f795dd8e9c~tplv-fhlh96nyum-crop-webp:2048:2048.webp?dr=12190&t=555f072d&ps=933b5bde&shp=8dbd94bf&shcp=607f11de&idc=useast5&from=2378011839
floating-candles-12pc,1,floating-candles-12pc.jpg,
floating-candles-20pc,1,floating-candles-20pc.jpg,og_info (first hop)
floating-candles-20pc,2,floating-candles-20pc-2.jpg,https://p16-oec-general-useast5.ttcdn-us.com/tos-useast5-i-omjb5zjo8w-tx/9b3effbf1f2947b690486887d33c8590~tplv-fhlh96nyum-crop-webp:1200:1200.webp?dr=12190&t=555f072d&ps=933b5bde&shp=8dbd94bf&shcp=607f11de&idc=useast5&from=2378011839
floating-candles-20pc,3,floating-candles-20pc-3.jpg,https://p16-oec-general-useast5.ttcdn-us.com/tos-useast5-i-omjb5zjo8w-tx/38f220354676459a9204d74d9758c9d5~tplv-fhlh96nyum-crop-webp:1200:1200.webp?dr=12190&t=555f072d&ps=933b5bde&shp=8dbd94bf&shcp=607f11de&idc=useast5&from=2378011839
floating-candles-20pc,4,floating-candles-20pc-4.jpg,https://p16-oec-general-useast5.ttcdn-us.com/tos-useast5-i-omjb5zjo8w-tx/2c7b4b1b14ad44f8a178012dbd726771~tplv-fhlh96nyum-crop-webp:1200:1200.webp?dr=12190&t=555f072d&ps=933b5bde&shp=8dbd94bf&shcp=607f11de&idc=useast5&from=2378011839
floating-candles-20pc,5,floating-candles-20pc-5.jpg,https://p16-oec-general-useast5.ttcdn-us.com/tos-useast5-i-omjb5zjo8w-tx/7957c98f932a419d93903fe2b386ecb2~tplv-fhlh96nyum-crop-webp:1200:1200.webp?dr=12190&t=555f072d&ps=933b5bde&shp=8dbd94bf&shcp=607f11de&idc=useast5&from=2378011839
floating-candles-20pc,6,floating-candles-20pc-6.jpg,https://p16-oec-general-useast5.ttcdn-us.com/tos-useast5-i-omjb5zjo8w-tx/71d4632f480a4f1cb3153f24fe33ab49~tplv-fhlh96nyum-crop-webp:1200:1200.webp?dr=12190&t=555f072d&ps=933b5bde&shp=8dbd94bf&shcp=607f11de&idc=useast5&from=2378011839
floating-candles-20pc,7,floating-candles-20pc-7.jpg,https://p16-oec-general-useast5.ttcdn-us.com/tos-useast5-i-omjb5zjo8w-tx/fe24fe155206467fa19a7c0a8e61f45c~tplv-fhlh96nyum-crop-webp:1200:1200.webp?dr=12190&t=555f072d&ps=933b5bde&shp=8dbd94bf&shcp=607f11de&idc=useast5&from=2378011839
floating-candles-20pc,8,floating-candles-20pc-8.jpg,https://p19-oec-general-useast5.ttcdn-us.com/tos-useast5-i-omjb5zjo8w-tx/20e6dd77fe37465180e4a91043fabd34~tplv-fhlh96nyum-crop-webp:1200:1200.webp?dr=12190&t=555f072d&ps=933b5bde&shp=8dbd94bf&shcp=607f11de&idc=useast5&from=2378011839
floating-candles-kidsafe,1,floating-candles-kidsafe.jpg,
garage-door-bat-magnets,1,garage-door-bat-magnets.jpg,
ghost-campfire-nightlight,1,ghost-campfire-nightlight.jpg,og_info (first hop)
ghost-campfire-nightlight,2,ghost-campfire-nightlight-2.jpg,https://p16-oec-general-useast5.ttcdn-us.com/tos-useast5-i-omjb5zjo8w-tx/5efe8bd6f2424bec8e04ce05c2188eb8~tplv-fhlh96nyum-crop-webp:2400:2400.webp?dr=12190&t=555f072d&ps=933b5bde&shp=8dbd94bf&shcp=607f11de&idc=useast5&from=2378011839
ghost-campfire-nightlight,3,ghost-campfire-nightlight-3.jpg,https://p16-oec-general-useast5.ttcdn-us.com/tos-useast5-i-omjb5zjo8w-tx/00132cb2b1fe43c19226369218c3a277~tplv-fhlh96nyum-crop-webp:1254:1254.webp?dr=12190&t=555f072d&ps=933b5bde&shp=8dbd94bf&shcp=607f11de&idc=useast5&from=2378011839
ghost-campfire-nightlight,4,ghost-campfire-nightlight-4.jpg,https://p16-oec-general-useast5.ttcdn-us.com/tos-useast5-i-omjb5zjo8w-tx/7e3254cdea09461985e36b1e75802c6b~tplv-fhlh96nyum-crop-webp:1254:1254.webp?dr=12190&t=555f072d&ps=933b5bde&shp=8dbd94bf&shcp=607f11de&idc=useast5&from=2378011839
ghost-campfire-nightlight,5,ghost-campfire-nightlight-5.jpg,https://p16-oec-general-useast5.ttcdn-us.com/tos-useast5-i-omjb5zjo8w-tx/3d9b998540b74d01a4ee6e594e58a424~tplv-fhlh96nyum-crop-webp:1254:1254.webp?dr=12190&t=555f072d&ps=933b5bde&shp=8dbd94bf&shcp=607f11de&idc=useast5&from=2378011839
ghost-campfire-nightlight,6,ghost-campfire-nightlight-6.jpg,https://p16-oec-general-useast5.ttcdn-us.com/tos-useast5-i-omjb5zjo8w-tx/7c44ae2200df4491b88dffbc5e92f452~tplv-fhlh96nyum-crop-webp:1254:1254.webp?dr=12190&t=555f072d&ps=933b5bde&shp=8dbd94bf&shcp=607f11de&idc=useast5&from=2378011839
ghost-campfire-nightlight,7,ghost-campfire-nightlight-7.jpg,https://p16-oec-general-useast5.ttcdn-us.com/tos-useast5-i-omjb5zjo8w-tx/ce35f08c9f3141eab50b7ba1163da374~tplv-fhlh96nyum-crop-webp:1254:1254.webp?dr=12190&t=555f072d&ps=933b5bde&shp=8dbd94bf&shcp=607f11de&idc=useast5&from=2378011839
ghost-campfire-nightlight,8,ghost-campfire-nightlight-8.jpg,https://p16-oec-general-useast5.ttcdn-us.com/tos-useast5-i-omjb5zjo8w-tx/c780ebad7f3e4bdc83609f3f4f48401f~tplv-fhlh96nyum-crop-webp:1254:1254.webp?dr=12190&t=555f072d&ps=933b5bde&shp=8dbd94bf&shcp=607f11de&idc=useast5&from=2378011839
ghost-candy-bowl-glow,1,ghost-candy-bowl-glow.jpg,og_info (first hop)
ghost-candy-bowl-glow,2,ghost-candy-bowl-glow-2.jpg,https://p16-oec-general-useast5.ttcdn-us.com/tos-useast5-i-omjb5zjo8w-tx/4d0743bb8fb04e94ab1a66bd9bf39cb9~tplv-fhlh96nyum-crop-webp:1254:1254.webp?dr=12190&t=555f072d&ps=933b5bde&shp=8dbd94bf&shcp=607f11de&idc=useast5&from=2378011839
ghost-candy-bowl-glow,3,ghost-candy-bowl-glow-3.jpg,https://p16-oec-general-useast5.ttcdn-us.com/tos-useast5-i-omjb5zjo8w-tx/cdd5a9d261b54886bed22c022c75b5fe~tplv-fhlh96nyum-crop-webp:1254:1254.webp?dr=12190&t=555f072d&ps=933b5bde&shp=8dbd94bf&shcp=607f11de&idc=useast5&from=2378011839
ghost-candy-bowl-glow,4,ghost-candy-bowl-glow-4.jpg,https://p16-oec-general-useast5.ttcdn-us.com/tos-useast5-i-omjb5zjo8w-tx/e25745c2ee254d33b7fbfdd936d5c459~tplv-fhlh96nyum-crop-webp:1254:1254.webp?dr=12190&t=555f072d&ps=933b5bde&shp=8dbd94bf&shcp=607f11de&idc=useast5&from=2378011839
ghost-candy-bowl-glow,5,ghost-candy-bowl-glow-5.jpg,https://p16-oec-general-useast5.ttcdn-us.com/tos-useast5-i-omjb5zjo8w-tx/9afbe2f75e90485fafd1f034b098414b~tplv-fhlh96nyum-crop-webp:1254:1254.webp?dr=12190&t=555f072d&ps=933b5bde&shp=8dbd94bf&shcp=607f11de&idc=useast5&from=2378011839
ghost-candy-bowl-glow,6,ghost-candy-bowl-glow-6.jpg,https://p16-oec-general-useast5.ttcdn-us.com/tos-useast5-i-omjb5zjo8w-tx/8746739255664e1997bea58da21c00ec~tplv-fhlh96nyum-crop-webp:1254:1254.webp?dr=12190&t=555f072d&ps=933b5bde&shp=8dbd94bf&shcp=607f11de&idc=useast5&from=2378011839
ghost-candy-bowl-glow,7,ghost-candy-bowl-glow-7.jpg,https://p16-oec-general-useast5.ttcdn-us.com/tos-useast5-i-omjb5zjo8w-tx/2dbd073e1cb14c2d9437d14e5f043900~tplv-fhlh96nyum-crop-webp:1254:1254.webp?dr=12190&t=555f072d&ps=933b5bde&shp=8dbd94bf&shcp=607f11de&idc=useast5&from=2378011839
ghost-swing-5ft-remote,1,ghost-swing-5ft-remote.jpg,og_info (first hop)
ghost-swing-5ft-remote,2,ghost-swing-5ft-remote-2.jpg,https://p16-oec-general-useast5.ttcdn-us.com/tos-useast5-i-omjb5zjo8w-tx/d9042edb2167485ca13e29223d1ca019~tplv-fhlh96nyum-crop-webp:1254:1254.webp?dr=12190&t=555f072d&ps=933b5bde&shp=8dbd94bf&shcp=607f11de&idc=useast5&from=2378011839
ghost-swing-5ft-remote,3,ghost-swing-5ft-remote-3.jpg,https://p16-oec-general-useast5.ttcdn-us.com/tos-useast5-i-omjb5zjo8w-tx/9fe490a23ea44319af33d216c00f65aa~tplv-fhlh96nyum-crop-webp:1024:1024.webp?dr=12190&t=555f072d&ps=933b5bde&shp=8dbd94bf&shcp=607f11de&idc=useast5&from=2378011839
ghost-swing-5ft-remote,4,ghost-swing-5ft-remote-4.jpg,https://p16-oec-general-useast5.ttcdn-us.com/tos-useast5-i-omjb5zjo8w-tx/9f7dfebdeb2b45de905c0a8e65f9d2ad~tplv-fhlh96nyum-crop-webp:1254:1254.webp?dr=12190&t=555f072d&ps=933b5bde&shp=8dbd94bf&shcp=607f11de&idc=useast5&from=2378011839
ghost-swing-5ft-remote,5,ghost-swing-5ft-remote-5.jpg,https://p16-oec-general-useast5.ttcdn-us.com/tos-useast5-i-omjb5zjo8w-tx/db5b845479bf4ca0b80cdade4b170671~tplv-fhlh96nyum-crop-webp:1024:1024.webp?dr=12190&t=555f072d&ps=933b5bde&shp=8dbd94bf&shcp=607f11de&idc=useast5&from=2378011839
ghost-swing-5ft-remote,6,ghost-swing-5ft-remote-6.jpg,https://p19-oec-general-useast5.ttcdn-us.com/tos-useast5-i-omjb5zjo8w-tx/bc6a688a2dbc40f58531b1d2cd16f254~tplv-fhlh96nyum-crop-webp:1254:1254.webp?dr=12190&t=555f072d&ps=933b5bde&shp=8dbd94bf&shcp=607f11de&idc=useast5&from=2378011839
ghost-swing-5ft-remote,7,ghost-swing-5ft-remote-7.jpg,https://p16-oec-general-useast5.ttcdn-us.com/tos-useast5-i-omjb5zjo8w-tx/6589ef62237d446eb607690a71afec25~tplv-fhlh96nyum-crop-webp:1024:1024.webp?dr=12190&t=555f072d&ps=933b5bde&shp=8dbd94bf&shcp=607f11de&idc=useast5&from=2378011839
ghost-swing-5ft-remote,8,ghost-swing-5ft-remote-8.jpg,https://p16-oec-general-useast5.ttcdn-us.com/tos-useast5-i-omjb5zjo8w-tx/98c283f0576746f583609baf8b8a37fd~tplv-fhlh96nyum-crop-webp:1600:1600.webp?dr=12190&t=555f072d&ps=933b5bde&shp=8dbd94bf&shcp=607f11de&idc=useast5&from=2378011839
ghostface-phone-case,1,ghostface-phone-case.jpg,
glow-cobwebs-spiders,1,glow-cobwebs-spiders.jpg,
halloween-tree-lights-24led,1,halloween-tree-lights-24led.jpg,og_info (first hop)
halloween-tree-lights-24led,2,halloween-tree-lights-24led-2.jpg,https://p16-oec-general-useast5.ttcdn-us.com/tos-useast5-i-omjb5zjo8w-tx/94772e91d8274913a0918a86ccb95aed~tplv-fhlh96nyum-crop-webp:800:800.webp?dr=12190&t=555f072d&ps=933b5bde&shp=8dbd94bf&shcp=607f11de&idc=useast5&from=2378011839
halloween-tree-lights-24led,3,halloween-tree-lights-24led-3.jpg,https://p16-oec-general-useast5.ttcdn-us.com/tos-useast5-i-omjb5zjo8w-tx/30ac8db6238f4883b31c744d48074e15~tplv-fhlh96nyum-crop-webp:2048:2048.webp?dr=12190&t=555f072d&ps=933b5bde&shp=8dbd94bf&shcp=607f11de&idc=useast5&from=2378011839
halloween-tree-lights-24led,4,halloween-tree-lights-24led-4.jpg,https://p16-oec-general-useast5.ttcdn-us.com/tos-useast5-i-omjb5zjo8w-tx/a15446ad59e04314a0d825217ef5e83f~tplv-fhlh96nyum-crop-webp:2048:2048.webp?dr=12190&t=555f072d&ps=933b5bde&shp=8dbd94bf&shcp=607f11de&idc=useast5&from=2378011839
halloween-tree-lights-24led,5,halloween-tree-lights-24led-5.jpg,https://p16-oec-general-useast5.ttcdn-us.com/tos-useast5-i-omjb5zjo8w-tx/adf5f3041004410b94a556687d790c92~tplv-fhlh96nyum-crop-webp:2048:2048.webp?dr=12190&t=555f072d&ps=933b5bde&shp=8dbd94bf&shcp=607f11de&idc=useast5&from=2378011839
halloween-tree-lights-24led,6,halloween-tree-lights-24led-6.jpg,https://p16-oec-general-useast5.ttcdn-us.com/tos-useast5-i-omjb5zjo8w-tx/1e4723c31ee14a29a221a0425541a062~tplv-fhlh96nyum-crop-webp:1024:1024.webp?dr=12190&t=555f072d&ps=933b5bde&shp=8dbd94bf&shcp=607f11de&idc=useast5&from=2378011839
halloween-tree-lights-24led,7,halloween-tree-lights-24led-7.jpg,https://p16-oec-general-useast5.ttcdn-us.com/tos-useast5-i-omjb5zjo8w-tx/9831f583a1ac44fa9b8a766a9714e6c1~tplv-fhlh96nyum-crop-webp:1024:1024.webp?dr=12190&t=555f072d&ps=933b5bde&shp=8dbd94bf&shcp=607f11de&idc=useast5&from=2378011839
halloween-tree-lights-24led,8,halloween-tree-lights-24led-8.jpg,https://p16-oec-general-useast5.ttcdn-us.com/tos-useast5-i-omjb5zjo8w-tx/79ce5359b535487ba8966005820252b3~tplv-fhlh96nyum-crop-webp:1024:1024.webp?dr=12190&t=555f072d&ps=933b5bde&shp=8dbd94bf&shcp=607f11de&idc=useast5&from=2378011839
halloween-tree-lights-black,1,halloween-tree-lights-black.jpg,
hanging-ghosts-3pack,1,hanging-ghosts-3pack.jpg,og_info (first hop)
hanging-ghosts-3pack,2,hanging-ghosts-3pack-2.jpg,https://p16-oec-general-useast5.ttcdn-us.com/tos-useast5-i-omjb5zjo8w-tx/2bf698225ada4d4eacd3224dd929b83c~tplv-fhlh96nyum-crop-webp:1254:1254.webp?dr=12190&t=555f072d&ps=933b5bde&shp=8dbd94bf&shcp=607f11de&idc=useast5&from=2378011839
hanging-ghosts-3pack,3,hanging-ghosts-3pack-3.jpg,https://p16-oec-general-useast5.ttcdn-us.com/tos-useast5-i-omjb5zjo8w-tx/f4fd1c366e224fb89eaa3d4ddc540bf6~tplv-fhlh96nyum-crop-webp:1254:1254.webp?dr=12190&t=555f072d&ps=933b5bde&shp=8dbd94bf&shcp=607f11de&idc=useast5&from=2378011839
hanging-ghosts-3pack,4,hanging-ghosts-3pack-4.jpg,https://p16-oec-general-useast5.ttcdn-us.com/tos-useast5-i-omjb5zjo8w-tx/9383216526ab4bd78e3502265921cfb8~tplv-fhlh96nyum-crop-webp:1254:1254.webp?dr=12190&t=555f072d&ps=933b5bde&shp=8dbd94bf&shcp=607f11de&idc=useast5&from=2378011839
hanging-ghosts-3pack,5,hanging-ghosts-3pack-5.jpg,https://p16-oec-general-useast5.ttcdn-us.com/tos-useast5-i-omjb5zjo8w-tx/f1c2fe2fed534d5c8bc6763ab312b862~tplv-fhlh96nyum-crop-webp:1254:1254.webp?dr=12190&t=555f072d&ps=933b5bde&shp=8dbd94bf&shcp=607f11de&idc=useast5&from=2378011839
hanging-ghosts-3pack,6,hanging-ghosts-3pack-6.jpg,https://p16-oec-general-useast5.ttcdn-us.com/tos-useast5-i-omjb5zjo8w-tx/bccdcf4fd0ad4b5eaa6c75f5c5edeffc~tplv-fhlh96nyum-crop-webp:1024:1024.webp?dr=12190&t=555f072d&ps=933b5bde&shp=8dbd94bf&shcp=607f11de&idc=useast5&from=2378011839
hanging-ghosts-3pack,7,hanging-ghosts-3pack-7.jpg,https://p19-oec-general-useast5.ttcdn-us.com/tos-useast5-i-omjb5zjo8w-tx/1729a18760cb4d1ab364834f2965fa42~tplv-fhlh96nyum-crop-webp:1254:1254.webp?dr=12190&t=555f072d&ps=933b5bde&shp=8dbd94bf&shcp=607f11de&idc=useast5&from=2378011839
hero-helmet-11-scale,1,hero-helmet-11-scale.jpg,og_info (first hop)
hero-helmet-11-scale,2,hero-helmet-11-scale-2.jpg,https://p16-oec-general-useast5.ttcdn-us.com/tos-useast5-i-omjb5zjo8w-tx/4b8fee90a6a44c7b9a596d73a503ef95~tplv-fhlh96nyum-crop-webp:2048:2048.webp?dr=12190&t=555f072d&ps=933b5bde&shp=8dbd94bf&shcp=607f11de&idc=useast5&from=2378011839
hero-helmet-11-scale,3,hero-helmet-11-scale-3.jpg,https://p16-oec-general-useast5.ttcdn-us.com/tos-useast5-i-omjb5zjo8w-tx/6c35ec6e713d4e568307bcf96f0a2840~tplv-fhlh96nyum-crop-webp:2048:2048.webp?dr=12190&t=555f072d&ps=933b5bde&shp=8dbd94bf&shcp=607f11de&idc=useast5&from=2378011839
hero-helmet-11-scale,4,hero-helmet-11-scale-4.jpg,https://p16-oec-general-useast5.ttcdn-us.com/tos-useast5-i-omjb5zjo8w-tx/b052d297816944c0843b2a1d8b4da245~tplv-fhlh96nyum-crop-webp:2261:1696.webp?dr=12190&t=555f072d&ps=933b5bde&shp=8dbd94bf&shcp=607f11de&idc=useast5&from=2378011839
hero-helmet-11-scale,5,hero-helmet-11-scale-5.jpg,https://p16-oec-general-useast5.ttcdn-us.com/tos-useast5-i-omjb5zjo8w-tx/5ba397e218dd47aab28e1b4e47ec9b9c~tplv-fhlh96nyum-crop-webp:2048:2048.webp?dr=12190&t=555f072d&ps=933b5bde&shp=8dbd94bf&shcp=607f11de&idc=useast5&from=2378011839
hero-helmet-11-scale,6,hero-helmet-11-scale-6.jpg,https://p16-oec-general-useast5.ttcdn-us.com/tos-useast5-i-omjb5zjo8w-tx/95a54a99959c4bb18bb3150fbeb71c58~tplv-fhlh96nyum-crop-webp:2048:2048.webp?dr=12190&t=555f072d&ps=933b5bde&shp=8dbd94bf&shcp=607f11de&idc=useast5&from=2378011839
hero-helmet-11-scale,7,hero-helmet-11-scale-7.jpg,https://p19-oec-general-useast5.ttcdn-us.com/tos-useast5-i-omjb5zjo8w-tx/43dec9c97fd74eeca0fa670a643afa1b~tplv-fhlh96nyum-crop-webp:2048:2048.webp?dr=12190&t=555f072d&ps=933b5bde&shp=8dbd94bf&shcp=607f11de&idc=useast5&from=2378011839
hero-helmet-11-scale,8,hero-helmet-11-scale-8.jpg,https://p16-oec-general-useast5.ttcdn-us.com/tos-useast5-i-omjb5zjo8w-tx/9bbae347bd1e49baaf89c43e64e05046~tplv-fhlh96nyum-crop-webp:2048:2048.webp?dr=12190&t=555f072d&ps=933b5bde&shp=8dbd94bf&shcp=607f11de&idc=useast5&from=2378011839
hero-mask-remote-ring,1,hero-mask-remote-ring.jpg,og_info (first hop)
hero-mask-remote-ring,2,hero-mask-remote-ring-2.jpg,https://p16-oec-general-useast5.ttcdn-us.com/tos-useast5-i-omjb5zjo8w-tx/e3177228525d453696c7a922ecf82dfa~tplv-fhlh96nyum-crop-webp:1280:1280.webp?dr=12190&t=555f072d&ps=933b5bde&shp=8dbd94bf&shcp=607f11de&idc=useast5&from=2378011839
hero-mask-remote-ring,3,hero-mask-remote-ring-3.jpg,https://p19-oec-general-useast5.ttcdn-us.com/tos-useast5-i-omjb5zjo8w-tx/6d3c1faa607f4ee390d26321c1a5cf04~tplv-fhlh96nyum-crop-webp:800:800.webp?dr=12190&t=555f072d&ps=933b5bde&shp=8dbd94bf&shcp=607f11de&idc=useast5&from=2378011839
hero-mask-remote-ring,4,hero-mask-remote-ring-4.jpg,https://p16-oec-general-useast5.ttcdn-us.com/tos-useast5-i-omjb5zjo8w-tx/51d131df512a49f18170ad5d7ae22b00~tplv-fhlh96nyum-crop-webp:790:790.webp?dr=12190&t=555f072d&ps=933b5bde&shp=8dbd94bf&shcp=607f11de&idc=useast5&from=2378011839
hero-mask-remote-ring,5,hero-mask-remote-ring-5.jpg,https://p16-oec-general-useast5.ttcdn-us.com/tos-useast5-i-omjb5zjo8w-tx/beb1dab7c8834d628ad4f3614740b54a~tplv-fhlh96nyum-crop-webp:800:800.webp?dr=12190&t=555f072d&ps=933b5bde&shp=8dbd94bf&shcp=607f11de&idc=useast5&from=2378011839
hero-mask-remote-ring,6,hero-mask-remote-ring-6.jpg,https://p16-oec-general-useast5.ttcdn-us.com/tos-useast5-i-omjb5zjo8w-tx/de8df45f2e594af981ae3398794d8a10~tplv-fhlh96nyum-crop-webp:800:800.webp?dr=12190&t=555f072d&ps=933b5bde&shp=8dbd94bf&shcp=607f11de&idc=useast5&from=2378011839
hero-mask-remote-ring,7,hero-mask-remote-ring-7.jpg,https://p16-oec-general-useast5.ttcdn-us.com/tos-useast5-i-omjb5zjo8w-tx/496f24f7c9db47b09eac0c7ee85c0ee4~tplv-fhlh96nyum-crop-webp:2048:2048.webp?dr=12190&t=555f072d&ps=933b5bde&shp=8dbd94bf&shcp=607f11de&idc=useast5&from=2378011839
hero-mask-remote-ring,8,hero-mask-remote-ring-8.jpg,https://p16-oec-general-useast5.ttcdn-us.com/tos-useast5-i-omjb5zjo8w-tx/d2c4445c72ac4b91b9ffd241b06d9eb7~tplv-fhlh96nyum-crop-webp:2048:2048.webp?dr=12190&t=555f072d&ps=933b5bde&shp=8dbd94bf&shcp=607f11de&idc=useast5&from=2378011839
laser-swamp-projector,1,laser-swamp-projector.jpg,og_info (first hop)
laser-swamp-projector,2,laser-swamp-projector-2.jpg,https://p16-oec-general-useast5.ttcdn-us.com/tos-useast5-i-omjb5zjo8w-tx/1d7b29892beb45d085e7d2a54c8dced3~tplv-fhlh96nyum-crop-webp:500:500.webp?dr=12190&t=555f072d&ps=933b5bde&shp=8dbd94bf&shcp=607f11de&idc=useast5&from=2378011839
laser-swamp-projector,3,laser-swamp-projector-3.jpg,https://p19-oec-general-useast5.ttcdn-us.com/tos-useast5-i-omjb5zjo8w-tx/1496d072d02d413a81423579a6709b6a~tplv-fhlh96nyum-crop-webp:500:500.webp?dr=12190&t=555f072d&ps=933b5bde&shp=8dbd94bf&shcp=607f11de&idc=useast5&from=2378011839
laser-swamp-projector,4,laser-swamp-projector-4.jpg,https://p16-oec-general-useast5.ttcdn-us.com/tos-useast5-i-omjb5zjo8w-tx/070e115677384d50b47ff820935cee2a~tplv-fhlh96nyum-crop-webp:500:500.webp?dr=12190&t=555f072d&ps=933b5bde&shp=8dbd94bf&shcp=607f11de&idc=useast5&from=2378011839
laser-swamp-projector,5,laser-swamp-projector-5.jpg,https://p16-oec-general-useast5.ttcdn-us.com/tos-useast5-i-omjb5zjo8w-tx/b97e29a0c07545c1a9884d2d5ac08267~tplv-fhlh96nyum-crop-webp:500:500.webp?dr=12190&t=555f072d&ps=933b5bde&shp=8dbd94bf&shcp=607f11de&idc=useast5&from=2378011839
laser-swamp-projector,6,laser-swamp-projector-6.jpg,https://p16-oec-general-useast5.ttcdn-us.com/tos-useast5-i-omjb5zjo8w-tx/828a1a74ebcf410e95360304320c398e~tplv-fhlh96nyum-crop-webp:500:500.webp?dr=12190&t=555f072d&ps=933b5bde&shp=8dbd94bf&shcp=607f11de&idc=useast5&from=2378011839
laser-swamp-projector,7,laser-swamp-projector-7.jpg,https://p16-oec-general-useast5.ttcdn-us.com/tos-useast5-i-omjb5zjo8w-tx/9cbe050174ae43be903d72d900fccb3e~tplv-fhlh96nyum-crop-webp:1600:1600.webp?dr=12190&t=555f072d&ps=933b5bde&shp=8dbd94bf&shcp=607f11de&idc=useast5&from=2378011839
laser-swamp-projector,8,laser-swamp-projector-8.jpg,https://p16-oec-general-useast5.ttcdn-us.com/tos-useast5-i-omjb5zjo8w-tx/eab9f61efaea468882d74d74f25c640d~tplv-fhlh96nyum-crop-webp:1600:1600.webp?dr=12190&t=555f072d&ps=933b5bde&shp=8dbd94bf&shcp=607f11de&idc=useast5&from=2378011839
led-bats-purple-36,1,led-bats-purple-36.jpg,og_info (first hop)
led-bats-purple-36,2,led-bats-purple-36-2.jpg,https://p16-oec-general-useast5.ttcdn-us.com/tos-useast5-i-omjb5zjo8w-tx/e79e4427f4d34929a116f9a8be196ca4~tplv-fhlh96nyum-crop-webp:1500:1500.webp?dr=12190&t=555f072d&ps=933b5bde&shp=8dbd94bf&shcp=607f11de&idc=useast5&from=2378011839
led-bats-purple-36,3,led-bats-purple-36-3.jpg,https://p16-oec-general-useast5.ttcdn-us.com/tos-useast5-i-omjb5zjo8w-tx/3d17bc537fdf4e3aae06f1a4afdca088~tplv-fhlh96nyum-crop-webp:1500:1500.webp?dr=12190&t=555f072d&ps=933b5bde&shp=8dbd94bf&shcp=607f11de&idc=useast5&from=2378011839
led-bats-purple-36,4,led-bats-purple-36-4.jpg,https://p16-oec-general-useast5.ttcdn-us.com/tos-useast5-i-omjb5zjo8w-tx/4a9bc2eac6524f148270e0c7c86ccbef~tplv-fhlh96nyum-crop-webp:1500:1500.webp?dr=12190&t=555f072d&ps=933b5bde&shp=8dbd94bf&shcp=607f11de&idc=useast5&from=2378011839
led-bats-purple-36,5,led-bats-purple-36-5.jpg,https://p16-oec-general-useast5.ttcdn-us.com/tos-useast5-i-omjb5zjo8w-tx/12ab66c14b8846fbbf293b9933b59cd4~tplv-fhlh96nyum-crop-webp:1500:1500.webp?dr=12190&t=555f072d&ps=933b5bde&shp=8dbd94bf&shcp=607f11de&idc=useast5&from=2378011839
led-bats-purple-36,6,led-bats-purple-36-6.jpg,https://p16-oec-general-useast5.ttcdn-us.com/tos-useast5-i-omjb5zjo8w-tx/e33322e6ad824d2099f078f1c7fe8bcd~tplv-fhlh96nyum-crop-webp:1500:1500.webp?dr=12190&t=555f072d&ps=933b5bde&shp=8dbd94bf&shcp=607f11de&idc=useast5&from=2378011839
led-bats-purple-36,7,led-bats-purple-36-7.jpg,https://p16-oec-general-useast5.ttcdn-us.com/tos-useast5-i-omjb5zjo8w-tx/c1c0c502d4024d32bd657e7457a515cd~tplv-fhlh96nyum-crop-webp:1500:1500.webp?dr=12190&t=555f072d&ps=933b5bde&shp=8dbd94bf&shcp=607f11de&idc=useast5&from=2378011839
led-candy-totes,1,led-candy-totes.jpg,og_info (first hop)
led-candy-totes,2,led-candy-totes-2.jpg,https://p16-oec-general-useast5.ttcdn-us.com/tos-useast5-i-omjb5zjo8w-tx/79f4d419de4d42c6966731759d8dc127~tplv-fhlh96nyum-crop-webp:1600:1600.webp?dr=12190&t=555f072d&ps=933b5bde&shp=8dbd94bf&shcp=607f11de&idc=useast5&from=2378011839
led-candy-totes,3,led-candy-totes-3.jpg,https://p16-oec-general-useast5.ttcdn-us.com/tos-useast5-i-omjb5zjo8w-tx/71cb15a74cda4ef49fb46146e2d5a467~tplv-fhlh96nyum-crop-webp:1600:1600.webp?dr=12190&t=555f072d&ps=933b5bde&shp=8dbd94bf&shcp=607f11de&idc=useast5&from=2378011839
led-candy-totes,4,led-candy-totes-4.jpg,https://p16-oec-general-useast5.ttcdn-us.com/tos-useast5-i-omjb5zjo8w-tx/f6fdb32012684a5fbb70586aa26600a3~tplv-fhlh96nyum-crop-webp:1600:1600.webp?dr=12190&t=555f072d&ps=933b5bde&shp=8dbd94bf&shcp=607f11de&idc=useast5&from=2378011839
led-candy-totes,5,led-candy-totes-5.jpg,https://p16-oec-general-useast5.ttcdn-us.com/tos-useast5-i-omjb5zjo8w-tx/9761621bf2db4c8bae9cef26d199fd88~tplv-fhlh96nyum-crop-webp:1600:1600.webp?dr=12190&t=555f072d&ps=933b5bde&shp=8dbd94bf&shcp=607f11de&idc=useast5&from=2378011839
led-candy-totes,6,led-candy-totes-6.jpg,https://p16-oec-general-useast5.ttcdn-us.com/tos-useast5-i-omjb5zjo8w-tx/2688ab334a124522899bfddced16b5dc~tplv-fhlh96nyum-crop-webp:1600:1600.webp?dr=12190&t=555f072d&ps=933b5bde&shp=8dbd94bf&shcp=607f11de&idc=useast5&from=2378011839
led-candy-totes,7,led-candy-totes-7.jpg,https://p16-oec-general-useast5.ttcdn-us.com/tos-useast5-i-omjb5zjo8w-tx/5820718ca3bd41fa8df74f854edf0555~tplv-fhlh96nyum-crop-webp:1600:1600.webp?dr=12190&t=555f072d&ps=933b5bde&shp=8dbd94bf&shcp=607f11de&idc=useast5&from=2378011839
led-candy-totes,8,led-candy-totes-8.jpg,https://p16-oec-general-useast5.ttcdn-us.com/tos-useast5-i-omjb5zjo8w-tx/3431fe5c7c9c408694e39c6b0712d359~tplv-fhlh96nyum-crop-webp:1600:1600.webp?dr=12190&t=555f072d&ps=933b5bde&shp=8dbd94bf&shcp=607f11de&idc=useast5&from=2378011839
led-mask-4-modes,1,led-mask-4-modes.jpg,
led-mask-gloves-set,1,led-mask-gloves-set.jpg,
led-purge-mask-glow,1,led-purge-mask-glow.jpg,og_info (first hop)
led-purge-mask-glow,2,led-purge-mask-glow-2.jpg,https://p16-oec-general-useast5.ttcdn-us.com/tos-useast5-i-omjb5zjo8w-tx/a76660caca30429d9cc20db16764bde6~tplv-fhlh96nyum-crop-webp:1600:1600.webp?dr=12190&t=555f072d&ps=933b5bde&shp=8dbd94bf&shcp=607f11de&idc=useast5&from=2378011839
led-purge-mask-glow,3,led-purge-mask-glow-3.jpg,https://p16-oec-general-useast5.ttcdn-us.com/tos-useast5-i-omjb5zjo8w-tx/0a29e5d605324a25a32848cc183a2067~tplv-fhlh96nyum-crop-webp:1600:1600.webp?dr=12190&t=555f072d&ps=933b5bde&shp=8dbd94bf&shcp=607f11de&idc=useast5&from=2378011839
led-purge-mask-glow,4,led-purge-mask-glow-4.jpg,https://p16-oec-general-useast5.ttcdn-us.com/tos-useast5-i-omjb5zjo8w-tx/2d42ffc093034dd48a14c001c5301b95~tplv-fhlh96nyum-crop-webp:1600:1600.webp?dr=12190&t=555f072d&ps=933b5bde&shp=8dbd94bf&shcp=607f11de&idc=useast5&from=2378011839
led-purge-mask-glow,5,led-purge-mask-glow-5.jpg,https://p16-oec-general-useast5.ttcdn-us.com/tos-useast5-i-omjb5zjo8w-tx/643c0c9bbf55411ebb3d50733c507297~tplv-fhlh96nyum-crop-webp:1600:1600.webp?dr=12190&t=555f072d&ps=933b5bde&shp=8dbd94bf&shcp=607f11de&idc=useast5&from=2378011839
pillar-candles-remote-3,1,pillar-candles-remote-3.jpg,og_info (first hop)
pillar-candles-remote-3,2,pillar-candles-remote-3-2.jpg,https://p19-oec-general-useast5.ttcdn-us.com/tos-useast5-i-omjb5zjo8w-tx/04bcfa631fb445319e813f290a83a359~tplv-fhlh96nyum-crop-webp:1500:1500.webp?dr=12190&t=555f072d&ps=933b5bde&shp=8dbd94bf&shcp=607f11de&idc=useast5&from=2378011839
pillar-candles-remote-3,3,pillar-candles-remote-3-3.jpg,https://p16-oec-general-useast5.ttcdn-us.com/tos-useast5-i-omjb5zjo8w-tx/7146198a107c4414936354a85450c811~tplv-fhlh96nyum-crop-webp:1500:1500.webp?dr=12190&t=555f072d&ps=933b5bde&shp=8dbd94bf&shcp=607f11de&idc=useast5&from=2378011839
pillar-candles-remote-3,4,pillar-candles-remote-3-4.jpg,https://p16-oec-general-useast5.ttcdn-us.com/tos-useast5-i-omjb5zjo8w-tx/20870e6003a74f72871f5d70173f0ad8~tplv-fhlh96nyum-crop-webp:1500:1500.webp?dr=12190&t=555f072d&ps=933b5bde&shp=8dbd94bf&shcp=607f11de&idc=useast5&from=2378011839
pillar-candles-remote-3,5,pillar-candles-remote-3-5.jpg,https://p16-oec-general-useast5.ttcdn-us.com/tos-useast5-i-omjb5zjo8w-tx/fc55c68015a04429a3785563f09e95f8~tplv-fhlh96nyum-crop-webp:1500:1500.webp?dr=12190&t=555f072d&ps=933b5bde&shp=8dbd94bf&shcp=607f11de&idc=useast5&from=2378011839
pillar-candles-remote-3,6,pillar-candles-remote-3-6.jpg,https://p16-oec-general-useast5.ttcdn-us.com/tos-useast5-i-omjb5zjo8w-tx/d77ef88f75a04141bb597ee914c0b089~tplv-fhlh96nyum-crop-webp:1500:1500.webp?dr=12190&t=555f072d&ps=933b5bde&shp=8dbd94bf&shcp=607f11de&idc=useast5&from=2378011839
pillar-candles-remote-3,7,pillar-candles-remote-3-7.jpg,https://p19-oec-general-useast5.ttcdn-us.com/tos-useast5-i-omjb5zjo8w-tx/790da167218c42f7a5cf1317a3bdf1d1~tplv-fhlh96nyum-crop-webp:1500:1500.webp?dr=12190&t=555f072d&ps=933b5bde&shp=8dbd94bf&shcp=607f11de&idc=useast5&from=2378011839
pillar-candles-remote-3,8,pillar-candles-remote-3-8.jpg,https://p16-oec-general-useast5.ttcdn-us.com/tos-useast5-i-omjb5zjo8w-tx/373b78a9d45746d9b903411f1bca39b4~tplv-fhlh96nyum-crop-webp:1600:1600.webp?dr=12190&t=555f072d&ps=933b5bde&shp=8dbd94bf&shcp=607f11de&idc=useast5&from=2378011839
pumpkin-blanket-hoodie,1,pumpkin-blanket-hoodie.jpg,og_info (first hop)
pumpkin-blanket-hoodie,2,pumpkin-blanket-hoodie-2.jpg,https://p16-oec-general-useast5.ttcdn-us.com/tos-useast5-i-omjb5zjo8w-tx/271c5c161e1d4cb19e3b32e6bfce074e~tplv-fhlh96nyum-crop-webp:1500:1500.webp?dr=12190&t=555f072d&ps=933b5bde&shp=8dbd94bf&shcp=607f11de&idc=useast5&from=2378011839
pumpkin-blanket-hoodie,3,pumpkin-blanket-hoodie-3.jpg,https://p16-oec-general-useast5.ttcdn-us.com/tos-useast5-i-omjb5zjo8w-tx/69ab6080f236452da11310b43b3bbf91~tplv-fhlh96nyum-crop-webp:1600:1600.webp?dr=12190&t=555f072d&ps=933b5bde&shp=8dbd94bf&shcp=607f11de&idc=useast5&from=2378011839
pumpkin-blanket-hoodie,4,pumpkin-blanket-hoodie-4.jpg,https://p16-oec-general-useast5.ttcdn-us.com/tos-useast5-i-omjb5zjo8w-tx/a8b7ee83d318497ca80e1b011462c4c2~tplv-fhlh96nyum-crop-webp:1500:1500.webp?dr=12190&t=555f072d&ps=933b5bde&shp=8dbd94bf&shcp=607f11de&idc=useast5&from=2378011839
pumpkin-blanket-hoodie,5,pumpkin-blanket-hoodie-5.jpg,https://p16-oec-general-useast5.ttcdn-us.com/tos-useast5-i-omjb5zjo8w-tx/3c789a2536444942a5258dddb4d80839~tplv-fhlh96nyum-crop-webp:1500:1500.webp?dr=12190&t=555f072d&ps=933b5bde&shp=8dbd94bf&shcp=607f11de&idc=useast5&from=2378011839
pumpkin-blanket-hoodie,6,pumpkin-blanket-hoodie-6.jpg,https://p16-oec-general-useast5.ttcdn-us.com/tos-useast5-i-omjb5zjo8w-tx/339ad34051954d03b60d79673285076f~tplv-fhlh96nyum-crop-webp:1500:1500.webp?dr=12190&t=555f072d&ps=933b5bde&shp=8dbd94bf&shcp=607f11de&idc=useast5&from=2378011839
pumpkin-blanket-hoodie,7,pumpkin-blanket-hoodie-7.jpg,https://p16-oec-general-useast5.ttcdn-us.com/tos-useast5-i-omjb5zjo8w-tx/6db8dd1539a44d288c9b0f43c7174e16~tplv-fhlh96nyum-crop-webp:3355:3355.webp?dr=12190&t=555f072d&ps=933b5bde&shp=8dbd94bf&shcp=607f11de&idc=useast5&from=2378011839
pumpkin-blanket-hoodie,8,pumpkin-blanket-hoodie-8.jpg,https://p16-oec-general-useast5.ttcdn-us.com/tos-useast5-i-omjb5zjo8w-tx/6f5ec53369aa45deb8f268457f363039~tplv-fhlh96nyum-crop-webp:1800:1800.webp?dr=12190&t=555f072d&ps=933b5bde&shp=8dbd94bf&shcp=607f11de&idc=useast5&from=2378011839
pumpkin-candle-holders-2,1,pumpkin-candle-holders-2.jpg,og_info (first hop)
pumpkin-candle-holders-2,2,pumpkin-candle-holders-2-2.jpg,https://p16-oec-general-useast5.ttcdn-us.com/tos-useast5-i-omjb5zjo8w-tx/b6a334ea0db144d09e700416dd8b47f0~tplv-fhlh96nyum-crop-webp:1254:1254.webp?dr=12190&t=555f072d&ps=933b5bde&shp=8dbd94bf&shcp=607f11de&idc=useast5&from=2378011839
pumpkin-candle-holders-2,3,pumpkin-candle-holders-2-3.jpg,https://p16-oec-general-useast5.ttcdn-us.com/tos-useast5-i-omjb5zjo8w-tx/79de29e3562c478e976e83b1d4894b51~tplv-fhlh96nyum-crop-webp:1254:1254.webp?dr=12190&t=555f072d&ps=933b5bde&shp=8dbd94bf&shcp=607f11de&idc=useast5&from=2378011839
pumpkin-candle-holders-2,4,pumpkin-candle-holders-2-4.jpg,https://p19-oec-general-useast5.ttcdn-us.com/tos-useast5-i-omjb5zjo8w-tx/332df3e65891451997b834ad4a9950ce~tplv-fhlh96nyum-crop-webp:1254:1254.webp?dr=12190&t=555f072d&ps=933b5bde&shp=8dbd94bf&shcp=607f11de&idc=useast5&from=2378011839
pumpkin-candle-holders-2,5,pumpkin-candle-holders-2-5.jpg,https://p16-oec-general-useast5.ttcdn-us.com/tos-useast5-i-omjb5zjo8w-tx/452841c5c27a405c90e53828129f9bbd~tplv-fhlh96nyum-crop-webp:1254:1254.webp?dr=12190&t=555f072d&ps=933b5bde&shp=8dbd94bf&shcp=607f11de&idc=useast5&from=2378011839
pumpkin-candle-holders-2,6,pumpkin-candle-holders-2-6.jpg,https://p16-oec-general-useast5.ttcdn-us.com/tos-useast5-i-omjb5zjo8w-tx/559be0a29d1c41cf86c7d5788c729e0c~tplv-fhlh96nyum-crop-webp:1254:1254.webp?dr=12190&t=555f072d&ps=933b5bde&shp=8dbd94bf&shcp=607f11de&idc=useast5&from=2378011839
pumpkin-candle-holders-2,7,pumpkin-candle-holders-2-7.jpg,https://p16-oec-general-useast5.ttcdn-us.com/tos-useast5-i-omjb5zjo8w-tx/6ec42c7d62294729bc2b11961fd836ef~tplv-fhlh96nyum-crop-webp:1254:1254.webp?dr=12190&t=555f072d&ps=933b5bde&shp=8dbd94bf&shcp=607f11de&idc=useast5&from=2378011839
pumpkin-candle-holders-2,8,pumpkin-candle-holders-2-8.jpg,https://p16-oec-general-useast5.ttcdn-us.com/tos-useast5-i-omjb5zjo8w-tx/45d2bb0daeff45ea95851019c0dac6ec~tplv-fhlh96nyum-crop-webp:1254:1254.webp?dr=12190&t=555f072d&ps=933b5bde&shp=8dbd94bf&shcp=607f11de&idc=useast5&from=2378011839
pumpkin-dog-collar,1,pumpkin-dog-collar.jpg,
pumpkin-night-light-mini,1,pumpkin-night-light-mini.jpg,
pumpkin-skull-slippers,1,pumpkin-skull-slippers.jpg,
resin-skeleton-ornament,1,resin-skeleton-ornament.jpg,og_info (first hop)
resin-skeleton-ornament,2,resin-skeleton-ornament-2.jpg,https://p16-oec-general-useast5.ttcdn-us.com/tos-useast5-i-omjb5zjo8w-tx/4403d9faf04444a8ab09463fb3375ccd~tplv-fhlh96nyum-crop-webp:1200:1200.webp?dr=12190&t=555f072d&ps=933b5bde&shp=8dbd94bf&shcp=607f11de&idc=useast5&from=2378011839
resin-skeleton-ornament,3,resin-skeleton-ornament-3.jpg,https://p16-oec-general-useast5.ttcdn-us.com/tos-useast5-i-omjb5zjo8w-tx/88a0c9d87bc545f0abf16d571ebc0924~tplv-fhlh96nyum-crop-webp:1000:1000.webp?dr=12190&t=555f072d&ps=933b5bde&shp=8dbd94bf&shcp=607f11de&idc=useast5&from=2378011839
resin-skeleton-ornament,4,resin-skeleton-ornament-4.jpg,https://p16-oec-general-useast5.ttcdn-us.com/tos-useast5-i-omjb5zjo8w-tx/000ad9dcfd4d460db67560014c4df0e9~tplv-fhlh96nyum-crop-webp:1000:1000.webp?dr=12190&t=555f072d&ps=933b5bde&shp=8dbd94bf&shcp=607f11de&idc=useast5&from=2378011839
resin-skeleton-ornament,5,resin-skeleton-ornament-5.jpg,https://p19-oec-general-useast5.ttcdn-us.com/tos-useast5-i-omjb5zjo8w-tx/283c2b3cad1440678024c30b475123eb~tplv-fhlh96nyum-crop-webp:1000:1000.webp?dr=12190&t=555f072d&ps=933b5bde&shp=8dbd94bf&shcp=607f11de&idc=useast5&from=2378011839
resin-skeleton-ornament,6,resin-skeleton-ornament-6.jpg,https://p16-oec-general-useast5.ttcdn-us.com/tos-useast5-i-omjb5zjo8w-tx/9ecc354ac4484784a9199ad715d03b12~tplv-fhlh96nyum-crop-webp:1000:1000.webp?dr=12190&t=555f072d&ps=933b5bde&shp=8dbd94bf&shcp=607f11de&idc=useast5&from=2378011839
resin-skeleton-ornament,7,resin-skeleton-ornament-7.jpg,https://p16-oec-general-useast5.ttcdn-us.com/tos-useast5-i-omjb5zjo8w-tx/5202b75c6431425e8ed2587d63cbc006~tplv-fhlh96nyum-crop-webp:1000:1000.webp?dr=12190&t=555f072d&ps=933b5bde&shp=8dbd94bf&shcp=607f11de&idc=useast5&from=2378011839
resin-skeleton-ornament,8,resin-skeleton-ornament-8.jpg,https://p16-oec-general.ttcdn-us.com/tos-maliva-i-o3syd03w52-us/6cca8116e25e49be9a833f429cc082e6~tplv-fhlh96nyum-crop-webp:2400:2400.webp?dr=12190&t=555f072d&ps=933b5bde&shp=8dbd94bf&shcp=607f11de&idc=useast5&from=2378011839
retro-pumpkin-desk-lamp,1,retro-pumpkin-desk-lamp.jpg,og_info (first hop)
retro-pumpkin-desk-lamp,2,retro-pumpkin-desk-lamp-2.jpg,https://p16-oec-general.ttcdn-us.com/tos-maliva-i-o3syd03w52-us/7a0d6da66b764519ab43f2facd0dd413~tplv-fhlh96nyum-crop-webp:1254:1254.webp?dr=12190&t=555f072d&ps=933b5bde&shp=8dbd94bf&shcp=607f11de&idc=useast5&from=2378011839
retro-pumpkin-desk-lamp,3,retro-pumpkin-desk-lamp-3.jpg,https://p16-oec-general.ttcdn-us.com/tos-maliva-i-o3syd03w52-us/a750c71f995b4745baa7c9ed5dc4e5c1~tplv-fhlh96nyum-crop-webp:2048:2048.webp?dr=12190&t=555f072d&ps=933b5bde&shp=8dbd94bf&shcp=607f11de&idc=useast5&from=2378011839
retro-pumpkin-desk-lamp,4,retro-pumpkin-desk-lamp-4.jpg,https://p16-oec-general.ttcdn-us.com/tos-maliva-i-o3syd03w52-us/de96247e17314126bff1afac96a86844~tplv-fhlh96nyum-crop-webp:2048:2048.webp?dr=12190&t=555f072d&ps=933b5bde&shp=8dbd94bf&shcp=607f11de&idc=useast5&from=2378011839
retro-pumpkin-desk-lamp,5,retro-pumpkin-desk-lamp-5.jpg,https://p16-oec-general.ttcdn-us.com/tos-alisg-i-aphluv4xwc-sg/09e41963540e49ea91b65a1b46e2a7c1~tplv-fhlh96nyum-crop-webp:2048:2048.webp?dr=12190&t=555f072d&ps=933b5bde&shp=8dbd94bf&shcp=607f11de&idc=useast5&from=2378011839
retro-pumpkin-desk-lamp,6,retro-pumpkin-desk-lamp-6.jpg,https://p16-oec-general.ttcdn-us.com/tos-alisg-i-aphluv4xwc-sg/e6d17c1faa9b488dac02d3255dd400fa~tplv-fhlh96nyum-crop-webp:2048:2048.webp?dr=12190&t=555f072d&ps=933b5bde&shp=8dbd94bf&shcp=607f11de&idc=useast5&from=2378011839
retro-pumpkin-desk-lamp,7,retro-pumpkin-desk-lamp-7.jpg,https://p16-oec-general.ttcdn-us.com/tos-alisg-i-aphluv4xwc-sg/046492159d964518848287e40a965fb4~tplv-fhlh96nyum-crop-webp:2048:2048.webp?dr=12190&t=555f072d&ps=933b5bde&shp=8dbd94bf&shcp=607f11de&idc=useast5&from=2378011839
retro-pumpkin-desk-lamp,8,retro-pumpkin-desk-lamp-8.jpg,https://p16-oec-general.ttcdn-us.com/tos-maliva-i-o3syd03w52-us/1ea1ffa977ef45a98a32e38334a7ef65~tplv-fhlh96nyum-crop-webp:2048:2048.webp?dr=12190&t=555f072d&ps=933b5bde&shp=8dbd94bf&shcp=607f11de&idc=useast5&from=2378011839
scary-face-headrest-covers,1,scary-face-headrest-covers.jpg,https://www.walmart.com/ip/2-Pack-Car-Headrest-Cover-Scary-Face-Printing-Car-Seat-Headrest-Cover-9-84in-2026-Funny-Face-Masque-Head-Rest-Protector-for-Auto-Vehicle-Truck/20212966534
scary-face-headrest-covers,2,scary-face-headrest-covers-2.jpg,https://www.walmart.com/ip/2-Pack-Car-Headrest-Cover-Scary-Face-Printing-Car-Seat-Headrest-Cover-9-84in-2026-Funny-Face-Masque-Head-Rest-Protector-for-Auto-Vehicle-Truck/20212966534
scary-face-headrest-covers,3,scary-face-headrest-covers-3.jpg,https://www.walmart.com/ip/2-Pack-Car-Headrest-Cover-Scary-Face-Printing-Car-Seat-Headrest-Cover-9-84in-2026-Funny-Face-Masque-Head-Rest-Protector-for-Auto-Vehicle-Truck/20212966534
scary-face-headrest-covers,4,scary-face-headrest-covers-4.jpg,https://www.walmart.com/ip/2-Pack-Car-Headrest-Cover-Scary-Face-Printing-Car-Seat-Headrest-Cover-9-84in-2026-Funny-Face-Masque-Head-Rest-Protector-for-Auto-Vehicle-Truck/20212966534
skeleton-cardigan-black,1,skeleton-cardigan-black.jpg,og_info (first hop)
skeleton-cardigan-black,2,skeleton-cardigan-black-2.jpg,https://p19-oec-general-useast5.ttcdn-us.com/tos-useast5-i-omjb5zjo8w-tx/c18d57797a1d4e4c9c8a349cdbe0cca2~tplv-fhlh96nyum-crop-webp:2373:2373.webp?dr=12190&t=555f072d&ps=933b5bde&shp=8dbd94bf&shcp=607f11de&idc=useast5&from=2378011839
skeleton-cardigan-black,3,skeleton-cardigan-black-3.jpg,https://p16-oec-general-useast5.ttcdn-us.com/tos-useast5-i-omjb5zjo8w-tx/18222fbb17424b838a4e734056ddbdfb~tplv-fhlh96nyum-crop-webp:800:800.webp?dr=12190&t=555f072d&ps=933b5bde&shp=8dbd94bf&shcp=607f11de&idc=useast5&from=2378011839
skeleton-cardigan-black,4,skeleton-cardigan-black-4.jpg,https://p16-oec-general-useast5.ttcdn-us.com/tos-useast5-i-omjb5zjo8w-tx/e36622c4200a498d875a770026f1c6f4~tplv-fhlh96nyum-crop-webp:750:1000.webp?dr=12190&t=555f072d&ps=933b5bde&shp=8dbd94bf&shcp=607f11de&idc=useast5&from=2378011839
skeleton-cardigan-black,5,skeleton-cardigan-black-5.jpg,https://p19-oec-general-useast5.ttcdn-us.com/tos-useast5-i-omjb5zjo8w-tx/4e0b8b197c1e440095a97e6f681699ca~tplv-fhlh96nyum-crop-webp:800:800.webp?dr=12190&t=555f072d&ps=933b5bde&shp=8dbd94bf&shcp=607f11de&idc=useast5&from=2378011839
skeleton-cardigan-black,6,skeleton-cardigan-black-6.jpg,https://p16-oec-general-useast5.ttcdn-us.com/tos-useast5-i-omjb5zjo8w-tx/f8ddbd4499ef44adabdbd3ede9cb76dc~tplv-fhlh96nyum-crop-webp:750:1000.webp?dr=12190&t=555f072d&ps=933b5bde&shp=8dbd94bf&shcp=607f11de&idc=useast5&from=2378011839
skeleton-cardigan-black,7,skeleton-cardigan-black-7.jpg,https://p16-oec-general-useast5.ttcdn-us.com/tos-useast5-i-omjb5zjo8w-tx/b8bb1fe3ddd144a19887045325613d52~tplv-fhlh96nyum-crop-webp:800:800.webp?dr=12190&t=555f072d&ps=933b5bde&shp=8dbd94bf&shcp=607f11de&idc=useast5&from=2378011839
skeleton-cardigan-colours,1,skeleton-cardigan-colours.jpg,og_info (first hop)
skeleton-cardigan-colours,2,skeleton-cardigan-colours-2.jpg,https://p16-oec-general-useast5.ttcdn-us.com/tos-useast5-i-omjb5zjo8w-tx/783ac9207456418b9d56a410d5519720~tplv-fhlh96nyum-crop-webp:800:800.webp?dr=12190&t=555f072d&ps=933b5bde&shp=8dbd94bf&shcp=607f11de&idc=useast5&from=2378011839
skeleton-cardigan-colours,3,skeleton-cardigan-colours-3.jpg,https://p16-oec-general-useast5.ttcdn-us.com/tos-useast5-i-omjb5zjo8w-tx/49bf58ec1a9d4d75b970cb3552ce2bad~tplv-fhlh96nyum-crop-webp:1254:1254.webp?dr=12190&t=555f072d&ps=933b5bde&shp=8dbd94bf&shcp=607f11de&idc=useast5&from=2378011839
skeleton-cardigan-colours,4,skeleton-cardigan-colours-4.jpg,https://p16-oec-general-useast5.ttcdn-us.com/tos-useast5-i-omjb5zjo8w-tx/64ba9e6f7bcf4a31832c59decc417173~tplv-fhlh96nyum-crop-webp:800:800.webp?dr=12190&t=555f072d&ps=933b5bde&shp=8dbd94bf&shcp=607f11de&idc=useast5&from=2378011839
skeleton-cardigan-colours,5,skeleton-cardigan-colours-5.jpg,https://p16-oec-general-useast5.ttcdn-us.com/tos-useast5-i-omjb5zjo8w-tx/da0bf00165904bd49f9392896fa79f1f~tplv-fhlh96nyum-crop-webp:1345:1790.webp?dr=12190&t=555f072d&ps=933b5bde&shp=8dbd94bf&shcp=607f11de&idc=useast5&from=2378011839
skeleton-cardigan-colours,6,skeleton-cardigan-colours-6.jpg,https://p16-oec-general-useast5.ttcdn-us.com/tos-useast5-i-omjb5zjo8w-tx/6bfcc571cbb7419187a463906de58de0~tplv-fhlh96nyum-crop-webp:750:1000.webp?dr=12190&t=555f072d&ps=933b5bde&shp=8dbd94bf&shcp=607f11de&idc=useast5&from=2378011839
skeleton-cardigan-colours,7,skeleton-cardigan-colours-7.jpg,https://p16-oec-general-useast5.ttcdn-us.com/tos-useast5-i-omjb5zjo8w-tx/ca7770e6ab604785b69cdc6aa5139593~tplv-fhlh96nyum-crop-webp:750:1000.webp?dr=12190&t=555f072d&ps=933b5bde&shp=8dbd94bf&shcp=607f11de&idc=useast5&from=2378011839
skeleton-pumpkin-figures-3,1,skeleton-pumpkin-figures-3.jpg,
skeleton-vortex-rug,1,skeleton-vortex-rug.jpg,og_info (first hop)
skeleton-vortex-rug,2,skeleton-vortex-rug-2.jpg,https://p19-oec-general.ttcdn-us.com/tos-maliva-i-o3syd03w52-us/d679178f8f394ad490d9718effb1aafd~tplv-fhlh96nyum-crop-webp:1254:1254.webp?dr=12190&t=555f072d&ps=933b5bde&shp=8dbd94bf&shcp=607f11de&idc=useast5&from=2378011839
skeleton-vortex-rug,3,skeleton-vortex-rug-3.jpg,https://p16-oec-general.ttcdn-us.com/tos-maliva-i-o3syd03w52-us/4a37028b9f524371ad4a0ad8dbaad9f3~tplv-fhlh96nyum-crop-webp:1254:1254.webp?dr=12190&t=555f072d&ps=933b5bde&shp=8dbd94bf&shcp=607f11de&idc=useast5&from=2378011839
skeleton-vortex-rug,4,skeleton-vortex-rug-4.jpg,https://p16-oec-general.ttcdn-us.com/tos-maliva-i-o3syd03w52-us/904abba638dd4033b79c55f93688a7b6~tplv-fhlh96nyum-crop-webp:1254:1254.webp?dr=12190&t=555f072d&ps=933b5bde&shp=8dbd94bf&shcp=607f11de&idc=useast5&from=2378011839
skeleton-vortex-rug,5,skeleton-vortex-rug-5.jpg,https://p19-oec-general.ttcdn-us.com/tos-maliva-i-o3syd03w52-us/a47abf2591e447f7876aca5988c07677~tplv-fhlh96nyum-crop-webp:1254:1254.webp?dr=12190&t=555f072d&ps=933b5bde&shp=8dbd94bf&shcp=607f11de&idc=useast5&from=2378011839
skeleton-vortex-rug,6,skeleton-vortex-rug-6.jpg,https://p16-oec-general.ttcdn-us.com/tos-maliva-i-o3syd03w52-us/0122a41a350d4f298315bb97f9c3c1ca~tplv-fhlh96nyum-crop-webp:1254:1254.webp?dr=12190&t=555f072d&ps=933b5bde&shp=8dbd94bf&shcp=607f11de&idc=useast5&from=2378011839
skeleton-vortex-rug,7,skeleton-vortex-rug-7.jpg,https://p16-oec-general.ttcdn-us.com/tos-maliva-i-o3syd03w52-us/049bf93ed40f4cbaaec2117ac1267690~tplv-fhlh96nyum-crop-webp:1254:1254.webp?dr=12190&t=555f072d&ps=933b5bde&shp=8dbd94bf&shcp=607f11de&idc=useast5&from=2378011839
skeleton-vortex-rug,8,skeleton-vortex-rug-8.jpg,https://p16-oec-general.ttcdn-us.com/tos-maliva-i-o3syd03w52-us/1770b6f611684613a4008b0c4025576c~tplv-fhlh96nyum-crop-webp:1254:1254.webp?dr=12190&t=555f072d&ps=933b5bde&shp=8dbd94bf&shcp=607f11de&idc=useast5&from=2378011839
skull-drop-shoulder-sweater,1,skull-drop-shoulder-sweater.jpg,og_info (first hop)
skull-drop-shoulder-sweater,2,skull-drop-shoulder-sweater-2.jpg,https://p16-oec-general.ttcdn-us.com/tos-maliva-i-o3syd03w52-us/d7aad04dca2548a09223a1e49b010e54~tplv-fhlh96nyum-crop-webp:1350:1800.webp?dr=12190&t=555f072d&ps=933b5bde&shp=8dbd94bf&shcp=607f11de&idc=useast5&from=2378011839
skull-drop-shoulder-sweater,3,skull-drop-shoulder-sweater-3.jpg,https://p16-oec-general.ttcdn-us.com/tos-maliva-i-o3syd03w52-us/2c1f80f7a09f4bf9b8498e94416372d9~tplv-fhlh96nyum-crop-webp:1350:1800.webp?dr=12190&t=555f072d&ps=933b5bde&shp=8dbd94bf&shcp=607f11de&idc=useast5&from=2378011839
skull-drop-shoulder-sweater,4,skull-drop-shoulder-sweater-4.jpg,https://p16-oec-general.ttcdn-us.com/tos-maliva-i-o3syd03w52-us/1c0f38e4190e4314b2beb04363715897~tplv-fhlh96nyum-crop-webp:1350:1800.webp?dr=12190&t=555f072d&ps=933b5bde&shp=8dbd94bf&shcp=607f11de&idc=useast5&from=2378011839
skull-drop-shoulder-sweater,5,skull-drop-shoulder-sweater-5.jpg,https://p16-oec-general.ttcdn-us.com/tos-maliva-i-o3syd03w52-us/d1eaf232e50a4cb39f1eb456be8462c2~tplv-fhlh96nyum-crop-webp:1350:1800.webp?dr=12190&t=555f072d&ps=933b5bde&shp=8dbd94bf&shcp=607f11de&idc=useast5&from=2378011839
skull-drop-shoulder-sweater,6,skull-drop-shoulder-sweater-6.jpg,https://p16-oec-general-useast5.ttcdn-us.com/tos-useast5-i-omjb5zjo8w-tx/1ed01ebadfcc474a8f48104d2f665b01~tplv-fhlh96nyum-crop-webp:1350:1800.webp?dr=12190&t=555f072d&ps=933b5bde&shp=8dbd94bf&shcp=607f11de&idc=useast5&from=2378011839
skull-drop-shoulder-sweater,7,skull-drop-shoulder-sweater-7.jpg,https://p16-oec-general-useast5.ttcdn-us.com/tos-useast5-i-omjb5zjo8w-tx/edb9263ac30845ac8034d0071131fc84~tplv-fhlh96nyum-crop-webp:1350:1800.webp?dr=12190&t=555f072d&ps=933b5bde&shp=8dbd94bf&shcp=607f11de&idc=useast5&from=2378011839
skull-drop-shoulder-sweater,8,skull-drop-shoulder-sweater-8.jpg,https://p16-oec-general-useast5.ttcdn-us.com/tos-useast5-i-omjb5zjo8w-tx/40590f642505479f9ef906fc18a8f983~tplv-fhlh96nyum-crop-webp:1350:1800.webp?dr=12190&t=555f072d&ps=933b5bde&shp=8dbd94bf&shcp=607f11de&idc=useast5&from=2378011839
solar-fairy-lights-80ft,1,solar-fairy-lights-80ft.jpg,og_info (first hop)
solar-fairy-lights-80ft,2,solar-fairy-lights-80ft-2.jpg,https://p16-oec-general-useast5.ttcdn-us.com/tos-useast5-i-omjb5zjo8w-tx/6984121dfe04424d85045f4ef9299397~tplv-fhlh96nyum-crop-webp:958:960.webp?dr=12190&t=555f072d&ps=933b5bde&shp=8dbd94bf&shcp=607f11de&idc=useast5&from=2378011839
solar-fairy-lights-80ft,3,solar-fairy-lights-80ft-3.jpg,https://p16-oec-general-useast5.ttcdn-us.com/tos-useast5-i-omjb5zjo8w-tx/a175005f295f428a90ce915b622156c2~tplv-fhlh96nyum-crop-webp:1500:1500.webp?dr=12190&t=555f072d&ps=933b5bde&shp=8dbd94bf&shcp=607f11de&idc=useast5&from=2378011839
solar-fairy-lights-80ft,4,solar-fairy-lights-80ft-4.jpg,https://p16-oec-general-useast5.ttcdn-us.com/tos-useast5-i-omjb5zjo8w-tx/82492458cc19423ba9283d9badf2b6e3~tplv-fhlh96nyum-crop-webp:1500:1500.webp?dr=12190&t=555f072d&ps=933b5bde&shp=8dbd94bf&shcp=607f11de&idc=useast5&from=2378011839
solar-fairy-lights-80ft,5,solar-fairy-lights-80ft-5.jpg,https://p16-oec-general-useast5.ttcdn-us.com/tos-useast5-i-omjb5zjo8w-tx/9066fedbe4164aa3882668914c3dd6ff~tplv-fhlh96nyum-crop-webp:1500:1500.webp?dr=12190&t=555f072d&ps=933b5bde&shp=8dbd94bf&shcp=607f11de&idc=useast5&from=2378011839
solar-fairy-lights-80ft,6,solar-fairy-lights-80ft-6.jpg,https://p16-oec-general-useast5.ttcdn-us.com/tos-useast5-i-omjb5zjo8w-tx/a6cab18aae314874b4f6120687fa17f0~tplv-fhlh96nyum-crop-webp:1000:1000.webp?dr=12190&t=555f072d&ps=933b5bde&shp=8dbd94bf&shcp=607f11de&idc=useast5&from=2378011839
solar-fairy-lights-80ft,7,solar-fairy-lights-80ft-7.jpg,https://p16-oec-general-useast5.ttcdn-us.com/tos-useast5-i-omjb5zjo8w-tx/d294a9bdaa1d4041a91a2581b34d1937~tplv-fhlh96nyum-crop-webp:1000:1000.webp?dr=12190&t=555f072d&ps=933b5bde&shp=8dbd94bf&shcp=607f11de&idc=useast5&from=2378011839
solar-fairy-lights-80ft,8,solar-fairy-lights-80ft-8.jpg,https://p16-oec-general-useast5.ttcdn-us.com/tos-useast5-i-omjb5zjo8w-tx/eb2baaf7d27346bb82d09a7e91ce0f71~tplv-fhlh96nyum-crop-webp:1459:1500.webp?dr=12190&t=555f072d&ps=933b5bde&shp=8dbd94bf&shcp=607f11de&idc=useast5&from=2378011839
spider-web-kit-lights,1,spider-web-kit-lights.jpg,
splatmat-bloody-bath-mat,1,splatmat-bloody-bath-mat.jpg,https://splatmatofficial.com/products/splatmat
splatmat-bloody-bath-mat,2,splatmat-bloody-bath-mat-2.jpg,https://splatmatofficial.com/products/splatmat
splatmat-bloody-bath-mat,3,splatmat-bloody-bath-mat-3.jpg,https://splatmatofficial.com/products/splatmat
splatmat-bloody-bath-mat,4,splatmat-bloody-bath-mat-4.jpg,https://splatmatofficial.com/products/splatmat
toddler-ghost-overalls,1,toddler-ghost-overalls.jpg,og_info (first hop)
toddler-ghost-overalls,2,toddler-ghost-overalls-2.jpg,https://p16-oec-general-useast5.ttcdn-us.com/tos-useast5-i-omjb5zjo8w-tx/49fffe8cb2eb4a618ef1efb94431acde~tplv-fhlh96nyum-crop-webp:1600:1600.webp?dr=12190&t=555f072d&ps=933b5bde&shp=8dbd94bf&shcp=607f11de&idc=useast5&from=2378011839
toddler-ghost-overalls,3,toddler-ghost-overalls-3.jpg,https://p16-oec-general-useast5.ttcdn-us.com/tos-useast5-i-omjb5zjo8w-tx/183f0f8686cc4b0b91bd20074fb41f24~tplv-fhlh96nyum-crop-webp:1600:1600.webp?dr=12190&t=555f072d&ps=933b5bde&shp=8dbd94bf&shcp=607f11de&idc=useast5&from=2378011839
toddler-ghost-overalls,4,toddler-ghost-overalls-4.jpg,https://p16-oec-general-useast5.ttcdn-us.com/tos-useast5-i-omjb5zjo8w-tx/727b52bfca0e488e9ec5de9d4f34b4e5~tplv-fhlh96nyum-crop-webp:1600:1600.webp?dr=12190&t=555f072d&ps=933b5bde&shp=8dbd94bf&shcp=607f11de&idc=useast5&from=2378011839
toddler-ghost-overalls,5,toddler-ghost-overalls-5.jpg,https://p16-oec-general-useast5.ttcdn-us.com/tos-useast5-i-omjb5zjo8w-tx/612909de4e294b3fb20138e03944febc~tplv-fhlh96nyum-crop-webp:1600:1600.webp?dr=12190&t=555f072d&ps=933b5bde&shp=8dbd94bf&shcp=607f11de&idc=useast5&from=2378011839
toddler-ghost-overalls,6,toddler-ghost-overalls-6.jpg,https://p16-oec-general-useast5.ttcdn-us.com/tos-useast5-i-omjb5zjo8w-tx/b21baffc0c9d4685ad0058fba23c3a92~tplv-fhlh96nyum-crop-webp:1600:1600.webp?dr=12190&t=555f072d&ps=933b5bde&shp=8dbd94bf&shcp=607f11de&idc=useast5&from=2378011839
toddler-ghost-overalls,7,toddler-ghost-overalls-7.jpg,https://p16-oec-general-useast5.ttcdn-us.com/tos-useast5-i-omjb5zjo8w-tx/654b3f23c99a431bab00dc1c369db2fd~tplv-fhlh96nyum-crop-webp:1600:1600.webp?dr=12190&t=555f072d&ps=933b5bde&shp=8dbd94bf&shcp=607f11de&idc=useast5&from=2378011839
toddler-ghost-overalls,8,toddler-ghost-overalls-8.jpg,https://p16-oec-general-useast5.ttcdn-us.com/tos-useast5-i-omjb5zjo8w-tx/0095f28285ae40bd9f7a206f225e0fc3~tplv-fhlh96nyum-crop-webp:1600:1600.webp?dr=12190&t=555f072d&ps=933b5bde&shp=8dbd94bf&shcp=607f11de&idc=useast5&from=2378011839
toddler-spooky-goose-sweater,1,toddler-spooky-goose-sweater.jpg,
trick-or-treat-phone-case,1,trick-or-treat-phone-case.jpg,og_info (first hop)
trick-or-treat-phone-case,2,trick-or-treat-phone-case-2.jpg,https://p19-oec-general-useast5.ttcdn-us.com/tos-useast5-i-omjb5zjo8w-tx/a3fa0e78802140f3ba3ba43e834ac054~tplv-fhlh96nyum-crop-webp:1181:1181.webp?dr=12190&t=555f072d&ps=933b5bde&shp=8dbd94bf&shcp=607f11de&idc=useast5&from=2378011839
trick-or-treat-phone-case,3,trick-or-treat-phone-case-3.jpg,https://p16-oec-general-useast5.ttcdn-us.com/tos-useast5-i-omjb5zjo8w-tx/e01cb4bba8904001bdec4e16a2bb3189~tplv-fhlh96nyum-crop-webp:800:800.webp?dr=12190&t=555f072d&ps=933b5bde&shp=8dbd94bf&shcp=607f11de&idc=useast5&from=2378011839
trick-or-treat-phone-case,4,trick-or-treat-phone-case-4.jpg,https://p19-oec-general-useast8.ttcdn-us.com/tos-useast8-i-rt0ujvrtvp-tx2/b79c66c6f7fa45a8b56fd0461eef1613~tplv-fhlh96nyum-crop-webp:800:800.webp?dr=12190&t=555f072d&ps=933b5bde&shp=8dbd94bf&shcp=607f11de&idc=useast5&from=2378011839
trick-or-treat-phone-case,5,trick-or-treat-phone-case-5.jpg,https://p16-oec-general-useast5.ttcdn-us.com/tos-useast5-i-omjb5zjo8w-tx/183e27a40381449ea6bb5be1005178d0~tplv-fhlh96nyum-crop-webp:800:800.webp?dr=12190&t=555f072d&ps=933b5bde&shp=8dbd94bf&shcp=607f11de&idc=useast5&from=2378011839
trick-or-treat-phone-case,6,trick-or-treat-phone-case-6.jpg,https://p16-oec-general-useast5.ttcdn-us.com/tos-useast5-i-omjb5zjo8w-tx/8452b07661a84004b292c65bd74defc2~tplv-fhlh96nyum-crop-webp:800:800.webp?dr=12190&t=555f072d&ps=933b5bde&shp=8dbd94bf&shcp=607f11de&idc=useast5&from=2378011839
trick-or-treat-phone-case,7,trick-or-treat-phone-case-7.jpg,https://p19-oec-general-useast5.ttcdn-us.com/tos-useast5-i-omjb5zjo8w-tx/1a9c154be5a54f32bf898beae2c3eac5~tplv-fhlh96nyum-crop-webp:800:800.webp?dr=12190&t=555f072d&ps=933b5bde&shp=8dbd94bf&shcp=607f11de&idc=useast5&from=2378011839
tripod-cauldron-fog,1,tripod-cauldron-fog.jpg,og_info (first hop)
tripod-cauldron-fog,2,tripod-cauldron-fog-2.jpg,https://p16-oec-general-useast5.ttcdn-us.com/tos-useast5-i-omjb5zjo8w-tx/58796aba1b5546cc81d89c4c8b21d56e~tplv-fhlh96nyum-crop-webp:1500:1500.webp?dr=12190&t=555f072d&ps=933b5bde&shp=8dbd94bf&shcp=607f11de&idc=useast5&from=2378011839
tripod-cauldron-fog,3,tripod-cauldron-fog-3.jpg,https://p16-oec-general-useast5.ttcdn-us.com/tos-useast5-i-omjb5zjo8w-tx/4239bf555a0845a1b93769fc67809a36~tplv-fhlh96nyum-crop-webp:1254:1254.webp?dr=12190&t=555f072d&ps=933b5bde&shp=8dbd94bf&shcp=607f11de&idc=useast5&from=2378011839
tripod-cauldron-fog,4,tripod-cauldron-fog-4.jpg,https://p16-oec-general-useast5.ttcdn-us.com/tos-useast5-i-omjb5zjo8w-tx/b177630d879d420bb0f598c2cc5dc0b0~tplv-fhlh96nyum-crop-webp:1500:1500.webp?dr=12190&t=555f072d&ps=933b5bde&shp=8dbd94bf&shcp=607f11de&idc=useast5&from=2378011839
tripod-cauldron-fog,5,tripod-cauldron-fog-5.jpg,https://p16-oec-general-useast5.ttcdn-us.com/tos-useast5-i-omjb5zjo8w-tx/e83c15ea39434bb0b6bd5b85ca9f6eca~tplv-fhlh96nyum-crop-webp:1254:1254.webp?dr=12190&t=555f072d&ps=933b5bde&shp=8dbd94bf&shcp=607f11de&idc=useast5&from=2378011839
tripod-cauldron-fog,6,tripod-cauldron-fog-6.jpg,https://p16-oec-general-useast5.ttcdn-us.com/tos-useast5-i-omjb5zjo8w-tx/e5a6b59272934c73ae5745c33648bd65~tplv-fhlh96nyum-crop-webp:1500:1500.webp?dr=12190&t=555f072d&ps=933b5bde&shp=8dbd94bf&shcp=607f11de&idc=useast5&from=2378011839
tripod-cauldron-fog,7,tripod-cauldron-fog-7.jpg,https://p19-oec-general-useast5.ttcdn-us.com/tos-useast5-i-omjb5zjo8w-tx/e92f0d20ef434ed4bca906f3465ef56e~tplv-fhlh96nyum-crop-webp:1500:1500.webp?dr=12190&t=555f072d&ps=933b5bde&shp=8dbd94bf&shcp=607f11de&idc=useast5&from=2378011839
tripod-cauldron-fog,8,tripod-cauldron-fog-8.jpg,https://p16-oec-general-useast5.ttcdn-us.com/tos-useast5-i-omjb5zjo8w-tx/30b321102faa4fac83a9e5fb5ab79cf5~tplv-fhlh96nyum-crop-webp:1254:1254.webp?dr=12190&t=555f072d&ps=933b5bde&shp=8dbd94bf&shcp=607f11de&idc=useast5&from=2378011839
under-cabinet-rgb-bars,1,under-cabinet-rgb-bars.jpg,og_info (first hop)
under-cabinet-rgb-bars,2,under-cabinet-rgb-bars-2.jpg,https://p16-oec-general-useast5.ttcdn-us.com/tos-useast5-i-omjb5zjo8w-tx/cefb08ad3f8842ce9d84886381c0e7ef~tplv-fhlh96nyum-crop-webp:1254:1254.webp?dr=12190&t=555f072d&ps=933b5bde&shp=8dbd94bf&shcp=607f11de&idc=useast5&from=2378011839
under-cabinet-rgb-bars,3,under-cabinet-rgb-bars-3.jpg,https://p16-oec-general-useast5.ttcdn-us.com/tos-useast5-i-omjb5zjo8w-tx/ef38a0483cf14565a8fa7a9348da1e3f~tplv-fhlh96nyum-crop-webp:1254:1254.webp?dr=12190&t=555f072d&ps=933b5bde&shp=8dbd94bf&shcp=607f11de&idc=useast5&from=2378011839
under-cabinet-rgb-bars,4,under-cabinet-rgb-bars-4.jpg,https://p16-oec-general-useast5.ttcdn-us.com/tos-useast5-i-omjb5zjo8w-tx/240ec69a9a2241429ee0ebde6c02e5b3~tplv-fhlh96nyum-crop-webp:1254:1254.webp?dr=12190&t=555f072d&ps=933b5bde&shp=8dbd94bf&shcp=607f11de&idc=useast5&from=2378011839
under-cabinet-rgb-bars,5,under-cabinet-rgb-bars-5.jpg,https://p19-oec-general-useast5.ttcdn-us.com/tos-useast5-i-omjb5zjo8w-tx/4d99625f6f7e475e92b9b79b34441d60~tplv-fhlh96nyum-crop-webp:1254:1254.webp?dr=12190&t=555f072d&ps=933b5bde&shp=8dbd94bf&shcp=607f11de&idc=useast5&from=2378011839
under-cabinet-rgb-bars,6,under-cabinet-rgb-bars-6.jpg,https://p16-oec-general-useast5.ttcdn-us.com/tos-useast5-i-omjb5zjo8w-tx/10920a97f45c4ca0b5a6b1faea7e4a9b~tplv-fhlh96nyum-crop-webp:1254:1254.webp?dr=12190&t=555f072d&ps=933b5bde&shp=8dbd94bf&shcp=607f11de&idc=useast5&from=2378011839
under-cabinet-rgb-bars,7,under-cabinet-rgb-bars-7.jpg,https://p16-oec-general-useast5.ttcdn-us.com/tos-useast5-i-omjb5zjo8w-tx/8f64d05050c343029c5c4a580a46ac22~tplv-fhlh96nyum-crop-webp:1254:1254.webp?dr=12190&t=555f072d&ps=933b5bde&shp=8dbd94bf&shcp=607f11de&idc=useast5&from=2378011839
under-cabinet-rgb-bars,8,under-cabinet-rgb-bars-8.jpg,https://p16-oec-general-useast5.ttcdn-us.com/tos-useast5-i-omjb5zjo8w-tx/ce9c583dd0ab4917b8367fde96ddc1a2~tplv-fhlh96nyum-crop-webp:1254:1254.webp?dr=12190&t=555f072d&ps=933b5bde&shp=8dbd94bf&shcp=607f11de&idc=useast5&from=2378011839
white-hero-mask-remote,1,white-hero-mask-remote.jpg,
witch-bat-magnet-set,1,witch-bat-magnet-set.jpg,og_info (first hop)
witch-bat-magnet-set,2,witch-bat-magnet-set-2.jpg,https://p16-oec-general-useast5.ttcdn-us.com/tos-useast5-i-omjb5zjo8w-tx/7b6cf7e044d34e4fa08f0bc3958d6d06~tplv-fhlh96nyum-crop-webp:1600:1600.webp?dr=12190&t=555f072d&ps=933b5bde&shp=8dbd94bf&shcp=607f11de&idc=useast5&from=2378011839
witch-bat-magnet-set,3,witch-bat-magnet-set-3.jpg,https://p16-oec-general-useast5.ttcdn-us.com/tos-useast5-i-omjb5zjo8w-tx/081e3c7153f240418940f94512519c63~tplv-fhlh96nyum-crop-webp:1600:1600.webp?dr=12190&t=555f072d&ps=933b5bde&shp=8dbd94bf&shcp=607f11de&idc=useast5&from=2378011839
witch-bat-magnet-set,4,witch-bat-magnet-set-4.jpg,https://p16-oec-general-useast5.ttcdn-us.com/tos-useast5-i-omjb5zjo8w-tx/f2a10b51d5d7438ea2de60d8b94f74aa~tplv-fhlh96nyum-crop-webp:1600:1600.webp?dr=12190&t=555f072d&ps=933b5bde&shp=8dbd94bf&shcp=607f11de&idc=useast5&from=2378011839
witch-bat-magnet-set,5,witch-bat-magnet-set-5.jpg,https://p19-oec-general-useast5.ttcdn-us.com/tos-useast5-i-omjb5zjo8w-tx/3e20f568cfc84f4fb61ca327f09281f3~tplv-fhlh96nyum-crop-webp:1600:1600.webp?dr=12190&t=555f072d&ps=933b5bde&shp=8dbd94bf&shcp=607f11de&idc=useast5&from=2378011839
witch-bat-magnet-set,6,witch-bat-magnet-set-6.jpg,https://p19-oec-general-useast5.ttcdn-us.com/tos-useast5-i-omjb5zjo8w-tx/f0e3a03312984d27aabff47426da50f0~tplv-fhlh96nyum-crop-webp:1600:1600.webp?dr=12190&t=555f072d&ps=933b5bde&shp=8dbd94bf&shcp=607f11de&idc=useast5&from=2378011839
witch-bat-magnet-set,7,witch-bat-magnet-set-7.jpg,https://p16-oec-general-useast5.ttcdn-us.com/tos-useast5-i-omjb5zjo8w-tx/9c4233148e904d70b6f6e3e11929d725~tplv-fhlh96nyum-crop-webp:1600:1600.webp?dr=12190&t=555f072d&ps=933b5bde&shp=8dbd94bf&shcp=607f11de&idc=useast5&from=2378011839
witch-bat-magnet-set,8,witch-bat-magnet-set-8.jpg,https://p16-oec-general-useast5.ttcdn-us.com/tos-useast5-i-omjb5zjo8w-tx/9ee46916c22a454692d2f93e133e6d6c~tplv-fhlh96nyum-crop-webp:1600:1600.webp?dr=12190&t=555f072d&ps=933b5bde&shp=8dbd94bf&shcp=607f11de&idc=useast5&from=2378011839
witch-broom-light-music,1,witch-broom-light-music.jpg,og_info (first hop)
witch-broom-light-music,2,witch-broom-light-music-2.jpg,https://p16-oec-general-useast5.ttcdn-us.com/tos-useast5-i-omjb5zjo8w-tx/c3204c07807e4e96ad6ffec3b953adea~tplv-fhlh96nyum-crop-webp:1254:1254.webp?dr=12190&t=555f072d&ps=933b5bde&shp=8dbd94bf&shcp=607f11de&idc=useast5&from=2378011839
witch-broom-light-music,3,witch-broom-light-music-3.jpg,https://p16-oec-general-useast5.ttcdn-us.com/tos-useast5-i-omjb5zjo8w-tx/ed663be4594d4f0da7e147f6ac207cc5~tplv-fhlh96nyum-crop-webp:1254:1254.webp?dr=12190&t=555f072d&ps=933b5bde&shp=8dbd94bf&shcp=607f11de&idc=useast5&from=2378011839
witch-broom-light-music,4,witch-broom-light-music-4.jpg,https://p16-oec-general-useast5.ttcdn-us.com/tos-useast5-i-omjb5zjo8w-tx/f4f63478d2a34de7818c78da6dd587fb~tplv-fhlh96nyum-crop-webp:1254:1254.webp?dr=12190&t=555f072d&ps=933b5bde&shp=8dbd94bf&shcp=607f11de&idc=useast5&from=2378011839
witch-broom-light-music,5,witch-broom-light-music-5.jpg,https://p19-oec-general-useast5.ttcdn-us.com/tos-useast5-i-omjb5zjo8w-tx/91aedd4ef46d4af483482b8f951ea97e~tplv-fhlh96nyum-crop-webp:1254:1254.webp?dr=12190&t=555f072d&ps=933b5bde&shp=8dbd94bf&shcp=607f11de&idc=useast5&from=2378011839
witch-broom-light-music,6,witch-broom-light-music-6.jpg,https://p16-oec-general-useast5.ttcdn-us.com/tos-useast5-i-omjb5zjo8w-tx/43d81819c9fc4139a94cfb6d67915cbf~tplv-fhlh96nyum-crop-webp:1254:1254.webp?dr=12190&t=555f072d&ps=933b5bde&shp=8dbd94bf&shcp=607f11de&idc=useast5&from=2378011839
witch-broom-light-music,7,witch-broom-light-music-7.jpg,https://p16-oec-general-useast5.ttcdn-us.com/tos-useast5-i-omjb5zjo8w-tx/9e25829fbe9f43cdb7595378c38ce860~tplv-fhlh96nyum-crop-webp:1254:1254.webp?dr=12190&t=555f072d&ps=933b5bde&shp=8dbd94bf&shcp=607f11de&idc=useast5&from=2378011839
witch-broom-light-music,8,witch-broom-light-music-8.jpg,https://p16-oec-general-useast5.ttcdn-us.com/tos-useast5-i-omjb5zjo8w-tx/5699ddc4217e4bedb0fee976afd5f465~tplv-fhlh96nyum-crop-webp:1254:1254.webp?dr=12190&t=555f072d&ps=933b5bde&shp=8dbd94bf&shcp=607f11de&idc=useast5&from=2378011839
