handle,name,rating,title,text,verified,photo
hero-mask-remote-ring,A**9,4,,"Love the mask completely but the only issue i have is the size i didnt realize i have a bigger head then the size of the mask it makes it harder to budge the zipper down and presses against my nose but overall its cool, i might try find one thats bigger but if tiktok ends up selling ones my size ill be sure to get it until then ill make due with the one i got cuz its still cool, despite the struggles ill have to deal with when putting on the zipper in general of the mask.",yes,
hero-mask-remote-ring,u**n d**k,4,,I love it sm it is very nice i love the fact that it has a usb instead of battery’s My only complaints is the face shell has NO patting so it’s definitely gonna give someone a headache second it has no ventilation in the face so everytime you breathe the lens fog up and make it very very hard to see,yes,
hero-mask-remote-ring,i**h,4,,for this price this product is super fun!! my only issues are not being able to breathe super well and the lens fog up pretty quick but all of that is fixable. the material is super soft and comfortable and the mask slides on very easily. im gonna wear it to the movie at the end of the month!!,yes,
hero-mask-remote-ring,T**4,1,,Theres nothing that holds the mask to your head. The red fabric is not strong enough to hold the front of the mask up to your face. This is a worthless product as it needs some kind of strap attached that properly secures it to your face.,yes,
hero-helmet-11-scale,C**y,1,,Mask came damaged and I tried to reach out for a replacement but customer service was being unprofessional by only responding with emojis and just simply saying “ok” instead of giving me a thorough response about the issue. The lines of the mask were offcentered and one of the eyes didn’t move nor change color.,yes,
hero-helmet-11-scale,J**y b**h,2,,"I just got it today, I was so excited. Until I took off the plastic bag it came in. Box is damaged.. No bubble wrap or anything protecting the mask. Both eyes are scratched.. Right eye has red material going into the eye. It does fit, the functions work. Just loud",yes,
hero-helmet-11-scale,D**n H**s,1,,I understand that you are buying a product off of tick tock. But this is completely b.s. The mask came out of the box broken. The box was like someone returned it and they just sent it to us. The eye just fell off. Would not buy.,yes,
hero-helmet-11-scale,k**w,1,,I ordered the black miles morales mask and I got the tom holland mask instead and when I tried to message the seller my request was denied….i hate paying for shit and not getting what I ordered. Boooooooo 8 thumbs down,yes,
led-purge-mask-glow,O**e I**e w**h D**💸,5,,"This was such an awesome costume! Easy to set up, worked perfectly and shined so bright at night we were so happy with it! We actually bought two of them and they both worked perfectly. The gloves are super cool! Thank you for making our Halloween fun!",yes,
led-purge-mask-glow,j**5,3,,It will work for at least one party I'm not shore on the durability of this product but it is what it is for the price the glove seem like they'll be more durable than the mass but we'll find out,yes,
led-purge-mask-glow,E**I,1,,Box came in broken. I know u can possibly return it for a refund or replacement but I don't have a means of transportation at the moment. Cool looking mask but came in cracked on the forehead,yes,
led-purge-mask-glow,A**a N**a,5,,"Great quality super fun for my teenager for halloween, he will wear it again next year. And bonus and made him super visible at night time.",yes,
floating-candles-20pc,C**e D**s,5,,So cute and easy to set up and made it look so nice and calming. Easy to use with no difficulties.,yes,
floating-candles-20pc,K**y T**h,5,,my favorite halloween decorations i’ve ordered so far this year. i might order one more pack.,yes,
floating-candles-20pc,D**1,5,,Works great and looks great the kids love them. I just wish it came with more string,yes,
floating-candles-20pc,S**r,5,,These are perfect for office decor. Easy set up. Just have to string everything up.,yes,
pillar-candles-remote-3,✨** ** ** ** Y**,5,,"Cute flameless candles. I love that you get multiple scenes between all three candles. It really does capture the spirit of Halloween in my opinion. I also love you receive a remote control that offers multiple timer functions. This is great if you have a small space and you don’t have a lot of room for Halloween decorations. Not only do you get the spooky scenes, you get the illumination.🎃 👻 🕯️",,
pillar-candles-remote-3,S**e K**x,5,,"These are so vibrant and fantastic, I was kind of iffy about them because the price was so cheap but I was extremely impressed with how nice they actually are. The remote with timer added plus love it. Definitely worth the purchase I highly recommend!",yes,
pillar-candles-remote-3,D**9,4,,This is my 4th box I have ordered and for some reason th color is different form the others I have purchased..works great but with the color was the same. The one of the right that's darker is the newest ones we just got,yes,
pillar-candles-remote-3,T**a,5,,Beautiful classic Halloween graphics; easy to set up; has a remote control so you can set them on timers with different light settings. Perfect for Halloween lovers 🎃,yes,
pumpkin-candle-holders-2,Verified buyer,5,,Absolutely gorgeous and made very well. Looks expensive. These photos show them with lights on and lights off. They lit my whole bathroom up with my lights off. Fabulous price for these beauties.,yes,
pumpkin-candle-holders-2,K**a,5,,"OMG!!! I love em! Perfect sizes, glass and not cheap plastic. Came with extra batteries which you’ll go through pretty quick if you leave em on all day and night like I did 😅",yes,
pumpkin-candle-holders-2,G**s F**s,5,,Such a beautiful set! Ambiance and the Halloween vibe! The batter powered tea light are the perfect color and the remote is much needed.,yes,
pumpkin-candle-holders-2,D**e M**,5,,This seller described item perfectly. Gave extra batteries. Love the Pumpkin lights. Would def buy from seller again.,yes,
solar-fairy-lights-80ft,m**,3,,I've not set up so Idk how they will work out of packaging box & removing the film on the solar panel there is an indention or like a poke in both. 1 is just worse then the other. Idk if it will shorten the life span or not. For the $ u can't beat it. They look cute.,yes,
solar-fairy-lights-80ft,M**y B**e,5,,"These solar string lights or the cutest most amazing lights I've ever seen like it says they are solar charge, and there's a lot of them put them around your garden, pool, whatever. I just hang them across the yard so my grandkids can see to get to my house.",yes,
solar-fairy-lights-80ft,N**️,5,,"Me encantaron estas luces solares. ✨ Se ven muy bonitas encendidas, dan un toque cálido y decorativo al jardín y además son fáciles de colocar. Hasta ahora me han funcionado muy bien. ¡Las recomiendo!",yes,
solar-fairy-lights-80ft,A**s L**s,5,,I love these so much. So well hidden during the day and at night they look so beautiful! Would recommend these to anyone looking to add some charm to their garden! They were easy to install!,yes,
halloween-tree-lights-24led,S**e,5,,These are so cute! I love that you can put batteries in them so you can put them wherever you want! I also love the little mix of ghosts & tombstones that came with it to decorate it for Halloween! I’m also going to try to find little ornaments to decorate it for Christmas. 10/10,yes,
halloween-tree-lights-24led,J**e G**G v**️,2,,One of the 2 trees works. The base on the second tree’s construction is not complete. Not all of the electrical components are installed for the batteries to work. Waiting for response about getting another base….. the tree that works is beautiful.,yes,
halloween-tree-lights-24led,J**t J**n,5,,These are sooooooo cute! The box came a little banged up but the product was completely fine! Super sturdy and take 3 AA batteries. They also came with cute little trinkets to put on the tree if you choose 👻🎃 So excited for Halloween!!,yes,
halloween-tree-lights-24led,N**i,5,,These trees are easy to assemble. They come with small pumpkins you can put over the lights if you choose to. You can put batteries in it or you can use the plug enclosed with it. It’s a great addition to my Halloween decorations!,yes,
under-cabinet-rgb-bars,k**2,5,,OMG! All I can say is WOW! These lights are so amazing and cool. Easy to charge and set up. Perfect for my kitchen and bathrooms. I love how I can change the colors. Shipping was fast. I loved the quality of these lights so much that I placed another order. Very happy customer 😁🙌🏻,yes,
under-cabinet-rgb-bars,N**✰ **,5,,"Love the lights so far; my favorite is this purplish setting, the blue and the white light. Plus it came very fast! Installation: Easy just charge before using as recommended and the remote does need AAA batteries.",yes,
under-cabinet-rgb-bars,g**d,5,,"Love all the settings. So many options, ability to make brighter and dimmer, makes our home so much cozier. Easy installation with stickers already on the lights.",yes,
under-cabinet-rgb-bars,3**C,1,,"La verdad no me gustaron muy mala calidad, las luces no le sirve el sensor de movimiento, los colores tienen muy mala calidad, la verdad no lo recomendaría",yes,
retro-pumpkin-desk-lamp,D**9,3,,Didn’t realize it was going to be so small. I thought this was going to be like a medium size lamp something along the lines of 12 inches tall instead of 6. The ad on TikTok was misleading. Also whoever shipped this thing damaged the box. Light seems to work still but definitely not handled carefully.,yes,
retro-pumpkin-desk-lamp,r** M**d,2,,All of the ad photos were Ai. The real product looks much cheaper and is illuminated with an LED light strip that’s already come out of the lamp. Still kind of cute but not the quality that’s advertised.,yes,
retro-pumpkin-desk-lamp,**,1,,So incredible cheap! It does not look like the videos or images in the description. It’s poorly painted and when the light shines you can really see all the defects. I’m so disappointed,yes,
retro-pumpkin-desk-lamp,h**3,1,,The statue is cute and magical but it was broken in the package. Packaging seemed nice and was packed in there tight. However the top was broken right under the base of it. Sad.,yes,
ghost-campfire-nightlight,P**y C**i,1,,"Received my item in the mail and it was broken. It did not light up when I plugged it in and turned it on, and one of the ears was broken off the reindeer. I requested a refund and it was denied even though I sent a picture so now I have contacted TikTok. I wouldn’t recommend buying from them",yes,
ghost-campfire-nightlight,K**,5,,Adorable. Looks and works as shown. Delivery was fast. Can’t wait to use during the holidays.,yes,
ghost-campfire-nightlight,K**,1,,Unfortunately they sent the wrong item and i received a Christmas one instead of Halloween.,yes,
ghost-campfire-nightlight,M**e B**r,1,,Hermey is broke. So disappointed. Would like to exchange if possible.,yes,
hanging-ghosts-3pack,L**M,5,,"Exactly how descripted. Super easy to hang up. Ease of Use: Super easy to hang, and put eyes on and batteries in and they are good to go!!",yes,
hanging-ghosts-3pack,G**i,5,,I didnt expect them to be that big! Omgg i love them and im ordering more!,yes,
hanging-ghosts-3pack,J**b,5,,Super easy to setup/use. Absolutely love these!!,yes,
hanging-ghosts-3pack,b**e,5,,It was better than I expected. Would buy again.,yes,
ghost-swing-5ft-remote,b**r,5,,"These are wonderful!! I bought them off @cristinanaomi808 showcase. She is a mom on here with Lupus, lost her job and has 3 children in college. I will buy from people’s showcases that have a story behind them and are good people. The ghost is 5 ft exactly it comes with a sturdy would swing. It has a remote with lights. For it to swing you can push it or the wind moves it. It is not Mechanical like I thought but it’s a nice buy. My neighbors kids that are 6 and 7 found it the coolest thing ever!!",yes,
ghost-swing-5ft-remote,C**l A**n,5,,"Top quality product! I was blown away when I opened this package and the swing is made of real wood in authentic rope! I haven’t put it up yet but so far I’m really impressed with the quality! If you’re interested in one of these, you better order quick I have a feeling they will sell out fast! I will post more pictures when I put it up for Halloween",yes,
ghost-swing-5ft-remote,C**e i**y,2,,"Shipping was very fast, but I’m not sure who to contact to get a replacement? It arrived damaged with the head cracked fully open maybe from transit??. If I get a replacement it would definitely be a 5. The swing & rope are good quality.",yes,
ghost-swing-5ft-remote,💫**K ☮**💫,5,,"This was probably one of the best investments I ever did. I love the ghost obviously it’s not up yet, but October is right around the corner. Can’t wait to see how it looks at the perfect spot for it.",yes,
cauldron-fog-potion,b**e,4,,"4 stars because they forgot the liquid add on things, and because you have to heat up the plastic straw and bend it more for it to not splash like crazy. It still splashes a tiny bit but the misting works well and it looks cool. Decently cheap Halloween decoration but put a towel underneath it.",yes,
cauldron-fog-potion,I**e I**s T**,5,,UPDATE taking a hairdryer & warm the plastic putting more bend on it helps and completely fixes splashing. Changed to 5⭐ Truly it's awesome. Easy to put together. The skeleton will need to be glued in place and it splashes no matter how little or much water you put in.,yes,
cauldron-fog-potion,C**💫,5,,"Makes me SO HAPPY! It has A FOG machine, a light if you want to put it outside, and it looks so spooky fun. DIYing one of these is so expensive because of the sub-pump. This is a STEAL! Going to grab the purple bubble witch one next.",yes,
cauldron-fog-potion,K**i,1,,"Don’t waste your money, terrible instructions, and broken on first day. Unfollow for me I didn’t take out of the box until the 30 day return had passed.",yes,
tripod-cauldron-fog,I**C,5,,Love this skeleton in cauldron prop. Setup is super easy and took me less than 5 minutes. You can use both indoor and outdoor so that’s a plus. The mister starts working as soon as you plug it in. Recommend to all spooky enthusiasts.,yes,
tripod-cauldron-fog,S**r,4,,Easy to set up and fun to see in action! Will make a nice addition to our Halloween party. I do wish the skeleton was a little easier to pose (I’ll most likely switch him out for one of my own) and I wish the fog was more powerful.,yes,
tripod-cauldron-fog,P**r,5,,Seller was fast at shipping and it was packed good. Good price for what it is. I thought it would be bigger than it is.,yes,
tripod-cauldron-fog,M**a J**n,5,,I love it my grand babies love it so much. I have to say best thing I have bought for Halloween so far!!,yes,
laser-swamp-projector,l**7,3,,This gadget works if you are expecting a color straight lighted line. Even with smoke machines. I recommend a projector of an animated swamp or moving swamp/river onto floor with smoke machine to get similar effect as in the AI product video,yes,
laser-swamp-projector,S**🍷,5,,This was easy to put together and works as advertised. The laser also reaches a good distance so you can place it out of the way. I’ll probably get another one. It’s perfect for my Halloween set up!,yes,
laser-swamp-projector,a**n w**s,5,,"this effect is pretty cool, everyone i show likes it as well. i purchased the red and green, then had to come back and get the blue and purple.",yes,
laser-swamp-projector,a**n w**s,5,,this effect is cool; folks i have shown think so as well. i purchased the red and green and had to come back to get the blue and purple.,yes,
witch-broom-light-music,J**s,5,,"It’s so loud it’s crazy, perfect for haunted houses and Halloween parties and it actually stands up and has little feet like a wind up toy that really does run around and doesn’t fall over. And it lights up! Pretty neat. Way better than I thought.",,
witch-broom-light-music,G**C,1,,It’s telling me it came but I havE not received it . Pluse not only did it not come it taken a long time to get this far and then it’s not here,yes,
witch-broom-light-music,T**a,1,,Junk! Do not waste your money! Will not stand plays western music not even at all what was pictured. Just complete trash!,yes,
witch-broom-light-music,E**🍀,5,,"Me encantó está escoba muy Linda y llamativo la recomiendo un 100/10 musica , luces y movimiento en el mismo lugar.",yes,
led-bats-purple-36,C**3,3,,"I didn’t realize these were flashing lights. I’m sure I just missed it. And then once you get all of the bats, you have to turn on each one individually (obviously) but when they’re all flashing…just not worth it. I also worry about them pulling paint off when I take them off the wall. For those reasons, I wouldn’t purchase again.",yes,
led-bats-purple-36,M**a,5,,I love these! I got them for a halloween party and they’re perfect. I wish it came with more stickers so you could reuse them but you could purchase more anywhere. Another thing I noticed is I’m not sure if you’re able to take the battery’s out that are currently in them to reuse them after they die,yes,
led-bats-purple-36,C**,5,,"Stickers would sometimes fall off the wall- but that’s just because of how my walls are. Kind of pesky to turn each individual bat on, but it’s a great product",yes,
led-bats-purple-36,a**_,5,,Product worked very great 👍👍👍👍💯 looks and works even better in person but a absolutely perfect Halloween decoration 🎃👻🎃👻,yes,
bat-decals-lightup,S**y,4,,Battery’s run out quick and each individual battery has to be turned on but still looks super cool. Takes a little bit to get it set up. It’s durable so far. The color and effect is blue red and purple but I wish I was more of orange and red. It gives patriotic bats. Building it takes a while. No problem with heat because I do not have it installed in the kitchen.,yes,
bat-decals-lightup,L**7,2,,Yea no way am I turning on & off all 24 bats. Terrible concept. They should 100% come with a controller. Each bat takes 3 of those mini circle batteries which from my experience do not last long at all & they are very expensive to replace. If you’re buying these for one night I’m sure it will be great but I will be returning these.,yes,
bat-decals-lightup,s**_,5,,"If you want an easy way to make your home feel Halloween-ready, these bat lights are such a cute decoration! 🦇🎃 I love how the little bats add that spooky touch without being too scary. They’re perfect for decorating a wall, window, porch, or even a Halloween party setup. ✨🖤 Definitely an easy way to make your space feel festive!",yes,
bat-decals-lightup,S**e,4,,"They are very cute and I love them, I don’t like that they have switches. I would prefer a button to tap on/off. As the switches are a little stiff. They come in different sizes and bat shapes (yes there can be more then 1 lol), i would suggest these to friends and family to help create their spooky vibe.",yes,
witch-bat-magnet-set,🦇**🦇,3,,They are cute but could be packaged better for travel. Most came bent and don't lay flat on the vehicle which will make them fly off in the wind.,yes,
witch-bat-magnet-set,L**B,4,,Cute bat magnets! And so many of them in a pack! Some are a bit too small and don’t stick as well. Overall I’m happy I got them,yes,
witch-bat-magnet-set,H**y R**e K**g,5,,"Absolutely love my bats I put them on everything the car, my front door, and the refrigerator. Kids love them too!",yes,
witch-bat-magnet-set,b**y,4,,Really cute but some came folded so now I can’t get it to lay flat. Hoping over time it will flatten.,yes,
advent-calendar-31-nights,🎀** Ë** L**🎀,1,,No los compren nada que ver con los que supuestamente compré ! Era para un regalo pero la verdad nada que ver con los que yo pedí que decepción!!,yes,
advent-calendar-31-nights,J** K**y,5,,"All the little characters are so cute, I love them all, I'm not young so I didn't need the 15 days of freight.",yes,
bathroom-set-vintage,I**e,1,,"Looks great, love the designs, same as the kitchen set… towels are garbage, toilet seat cover is a insanely thin piece of fabric with 2 straps to secure it, floor toilet seat mat is really small, secondarily floor mat covers mainly a small area of a sink, can’t complain about the shower curtain however it’s sitting on top of a darker color main shower curtain so the thinner shower curtain doesn’t look see through.",yes,
bathroom-set-vintage,G**t,1,,The way they seal the rugs makes them come absolutely wrinkled and bent weird. U could definitely find a higher quality set that actually looks good on arrival for cheaper,yes,
bathroom-set-vintage,K**e K**t,5,,Great quality and looks exactly like the photos. The front side of the hand towels are a little rough for my liking (soft backside though). I still love it all!,yes,
bathroom-set-vintage,F**o R**z,5,,Like this product. Disappointed it did NOT come with the 4 towels as stated. They should of not indicated 4 towels included with set,yes,
boo-kitchen-rug-set,S**e,5,,"For the price, these rugs are perfect. While I do wish they had a little more padding in them, they are pretty durable and the perfect sizes.",yes,
boo-kitchen-rug-set,B**y E**l,5,,I love these cute & simple rugs!! Easy to clean!! I’ve washed them in the washer & they come out so clean & no damage!,yes,
boo-kitchen-rug-set,A**l,4,,Material & Comfort: Not the rug material I thought it would be. Very nice design but thin and sort of slippery.,yes,
boo-kitchen-rug-set,g**8,1,,Cheap quality on the rug . Not good . I’ll go to target or Marshall’s and look for a Halloween rug .,yes,
ghost-candy-bowl-glow,d**n,1,,0/5 faulty item would not recommend or buy again. The part that should have been welded to the top of the post was not!!! This is the only way the bowl will stay connected to the stand! What a piece of junk and waste of space. Ridiculous I even have to return this item when it’s faulty and trash!,yes,
ghost-candy-bowl-glow,F**e,5,,This is the perfect way to make your porch stand out for Halloween without spending a whole lot of money. It's super cute and we love it!,,
ghost-candy-bowl-glow,⚡**️,5,,"Looks just like the picture. Its so cute, come with a water weight bag to hold it down and a remote for the lights. Worth every penny.",yes,
ghost-candy-bowl-glow,A**s D**s A**e **,2,,Looks super cheap and the white cloth is not as white it’s see through and sheer not as flowy as picture stated,yes,
led-candy-totes,N**i **,5,,These bags were a HUGE hit! My kiddo and nephews were the only ones in the neighborhood with them! Everyone commented and asked where I got them! Kept the kiddos easily visible and they had a blast! They’re also pretty durable as my almost 3 year old drug his bag behind him on the concrete the whole night and no holes and no candy fell out 😂 will be getting them again next year!,yes,
led-candy-totes,S**h,1,,"My green bag, caught fire, with about an hour of use. I'm very grateful this wasn't left unattended in my home. Use with caution. It's a bulb, wire malfunction. Zoom in on the picture. You can see where it started. I noticed, because I just put brand new energizer batteries in it, and it was flickering. Very dangerous unattended!!!! Use extreme caution.",yes,
led-candy-totes,A**y H**f,2,,"Would be great if they all worked. Received only 2 working bags. The third had a battery pack that didn’t have any of the metal pieces to make the batteries work. Also, picture shows all bags having yellow lights but I received one bag with multi colored lights and one with yellow lights.",yes,
led-candy-totes,M**M,1,,I got these because I couldn't find any blue pumpkins for my autistic daughter to use for trick or treating.. and I open the package and find out that the cover to every single battery pack is broken.. will not order again.,yes,
resin-skeleton-ornament,P**3,1,,This does not deserve a rating whatsoever in my mind. I was really looking forward to these because I love skeletons and also my son loves skeletons. But as you can see the picture they showed up broken and I’m missing a leg. I am so disappointed.,yes,
resin-skeleton-ornament,R**,5,,So cool. But very fragile. But they kicked us off this year for Holloween now we got all sorts of decorations. But these are pretty cool for sure. They would be a nice addition to any place.,yes,
resin-skeleton-ornament,J**e,3,,"The skeletons are cute however mine arrived broken, even though they were well packaged in Styrofoam. I do not know how to contact the seller regarding this issue.",yes,
resin-skeleton-ornament,K** B** M**t M** **,5,,"If you like Halloween, I highly recommend this! It is so cute to go on your TV stand or any dresser/table. It has a good weight to it, and they are just so cute!",yes,
skeleton-cardigan-black,R** B**a,4,,The sweater is great. I love the cozy fit and texture of it and it's super cute. My only complaint is the lack of durability of the button holes. I had to go in with a button hole stitch to make sure fastening and unfastening didn't ruin the integrity of the sweater. Something to improve on.,yes,
skeleton-cardigan-black,W**y,5,,This is my new favorite sweater. Around the house or in the mornings when I need to take my child to school. This sweater is what I grab now because it is so soft. I ordered a size up so it would be big. This satisfies my inner 90s goth even when I don't leave the house.,yes,
skeleton-cardigan-black,🦇**🖤,2,,I love my skeleton print cardigan but….. after the 2x i wore the cardigan it stared getting all fuzzy around the arm areas. I Love it so much but I wish that would let be an issue,yes,
skeleton-cardigan-black,p**e **,5,,great fit and soft material. wearing my regular size and it’s not too baggy or too small Warmth: comfy warm Fit & Size: regular size Fabric & Comfort: stretchy and soft,yes,
skeleton-cardigan-colours,a**_,5,,"i feel like it runs kinda small so i’d size up i got an xl and it fits nice, thought it would look too long its not itchy either or too thin or thick it fits just right",yes,
skeleton-cardigan-colours,S**e,5,,"I had an issue with my shirt, but the customer service is wonderful and helped me out. I will definitely order from them in the future!",yes,
skeleton-cardigan-colours,A** p**r,5,,Its over sized and super soft! I love it! Can't wait for the weather to cool down so I can wear it without sweating to death.,yes,
skeleton-cardigan-colours,N**n,4,,Overall fits good but I got a sweater instead of the cardigan but I still like it so I’m no complaining that much.,yes,
skull-drop-shoulder-sweater,a**n,5,,"It fits nicely! It’s a nice little punk vibe, and great for cold/breezy weather. The size is definitely bigger than it looks before purchasing, which is why I got a small and it fits me so well, see the image below. It’s also thick so you’ll be warm. P.S: don’t dry it on high heat, it’ll shrink.",yes,
skull-drop-shoulder-sweater,p**8,5,,"First off, Im 5'2 and 150 lbs and I got a size large and it fits perfectly on me! OMG and it definitely keeps you warm. It's so soft on the outside and inside! Its just long enough to wear it covers my shorts, when I pull it down. I cant wait to show it off when it starts to get colder!",yes,
skull-drop-shoulder-sweater,j** t**r,5,,"Received it yesterday-quality is TOP tier!!!-material is THICK so it is a COLD weather sweater-size seems a bit large,ordered an XS and it fits but is a LITTLE baggy ONLY complaint-went to order another color just now and it has DOUBLED in price from the $23 I paid to $46,WHY?",yes,
skull-drop-shoulder-sweater,💫**y,5,,Fabulous purchase! The sweater is extremely soft and looks exactly like it is advertised. I’m 5’8” and about 150 pounds (muscular gal 🙂‍↕️) and it fits as the perfect oversized sweater. Definitely recommend for a fun fall vibe!,yes,
toddler-ghost-overalls,** J**a **,5,,I absolutely love this. I bought one for my daughter and one for my son and I just thought it is perfect to take pictures in for the pumpkin patch or just for October or just anytime because I love pumpkins. The quality is pretty good not too shabby and they fit just right.,yes,
toddler-ghost-overalls,s**8,5,,We love it !!!! I can't wait to see him in it 😍 he loves it he already begging to wear it to school!! Size fits perfect and very comfortable i was taken back on how good the quality is !!,yes,
toddler-ghost-overalls,A**9,3,,It’s cute but they are not regular overall pants there like capris shorts I got these for my 5 year old,yes,
toddler-ghost-overalls,m**t,5,,The overalls are adorable. I can’t wait for my grandson to wear them this fall.,yes,
pumpkin-blanket-hoodie,G**R,2,,"I wanted this blue one because it didnt have the Sherpa lining. Now with that said, it was out for delivery then delayed for 6 full days with no explanation. Then after I got it the sleeve is ripped and since I dont want to have to send it back and with no contact info I requested a partial refund.",yes,
pumpkin-blanket-hoodie,P**z,5,,"Best product, this is my second time buying one, it came in a timely manner, vacuum sealed packaging, very soft, very long I’m 6’0 and it’s basically at my feet, absolutely love and would 10/10 recommend again and again lol.",yes,
pumpkin-blanket-hoodie,M**d,5,,Love it. Got for husband. He loves it. Warm. Comfy. Love the pocket in the front. Fit is great. It fits my husband son and I even though we are all different sizes. Fast shipping. Highly recommended,yes,
pumpkin-blanket-hoodie,E**s,5,,Comfort: 10000/10 Warmth: 1000/10 Ease of Cleaning: 300000/10 It literally is soooooo fluffy and soft I love it so much it’s the perfect amount of warm and is long enough to go down to your ankles.,yes,
trick-or-treat-phone-case,A**💜,5,,I love the details on this phone case. I have gotten a lot of compliments from family and friends. I love how I can carry my phone around in public with the attached strap.,yes,
trick-or-treat-phone-case,K**e J**n,1,,"So cute, but does not fit my phone. I even verified the size with them. But the gap is not cute and I don’t want to risk my phone falling out and cracking.",yes,
trick-or-treat-phone-case,S**a V**a,5,,Totally love ❤️ it’s awesome love the texture the hand lanyard the purple daisy omg beautiful,yes,
trick-or-treat-phone-case,L**m,4,,It fits great and is super cute Only drawback is I can’t use my magnetic charger with it on,yes,
